id,Predicted
test/4136.jpg,0
test/4137.jpg,51
test/4138.jpg,40
test/4139.jpg,73
test/4140.jpg,36
test/4141.jpg,62
test/4142.jpg,83
test/4143.jpg,15
test/4144.jpg,26
test/4145.jpg,81
test/4146.jpg,21
test/4147.jpg,70
test/4148.jpg,69
test/4149.jpg,57
test/4150.jpg,23
test/4151.jpg,13
test/4152.jpg,32
test/4153.jpg,63
test/4154.jpg,15
test/4155.jpg,76
test/4156.jpg,59
test/4157.jpg,12
test/4158.jpg,63
test/4159.jpg,67
test/4160.jpg,17
test/4161.jpg,64
test/4162.jpg,10
test/4163.jpg,71
test/4164.jpg,99
test/4165.jpg,53
test/4166.jpg,47
test/4167.jpg,61
test/4168.jpg,29
test/4169.jpg,65
test/4170.jpg,9
test/4171.jpg,26
test/4172.jpg,78
test/4173.jpg,7
test/4174.jpg,23
test/4175.jpg,90
test/4176.jpg,71
test/4177.jpg,69
test/4178.jpg,26
test/4179.jpg,81
test/4180.jpg,79
test/4181.jpg,44
test/4182.jpg,15
test/4183.jpg,10
test/4184.jpg,23
test/4185.jpg,76
test/4186.jpg,32
test/4187.jpg,19
test/4188.jpg,8
test/4189.jpg,10
test/4190.jpg,36
test/4191.jpg,35
test/4192.jpg,56
test/4193.jpg,16
test/4194.jpg,64
test/4195.jpg,46
test/4196.jpg,23
test/4197.jpg,17
test/4198.jpg,67
test/4199.jpg,64
test/4200.jpg,63
test/4201.jpg,68
test/4202.jpg,10
test/4203.jpg,82
test/4204.jpg,84
test/4205.jpg,23
test/4206.jpg,16
test/4207.jpg,79
test/4208.jpg,91
test/4209.jpg,0
test/4210.jpg,2
test/4211.jpg,60
test/4212.jpg,70
test/4213.jpg,9
test/4214.jpg,17
test/4215.jpg,62
test/4216.jpg,15
test/4217.jpg,34
test/4218.jpg,55
test/4219.jpg,19
test/4220.jpg,51
test/4221.jpg,44
test/4222.jpg,77
test/4223.jpg,23
test/4224.jpg,9
test/4225.jpg,23
test/4226.jpg,26
test/4227.jpg,77
test/4228.jpg,16
test/4229.jpg,9
test/4230.jpg,15
test/4231.jpg,39
test/4232.jpg,38
test/4233.jpg,71
test/4234.jpg,12
test/4235.jpg,7
test/4236.jpg,2
test/4237.jpg,47
test/4238.jpg,68
test/4239.jpg,90
test/4240.jpg,47
test/4241.jpg,23
test/4242.jpg,16
test/4243.jpg,68
test/4244.jpg,54
test/4245.jpg,63
test/4246.jpg,15
test/4247.jpg,32
test/4248.jpg,77
test/4249.jpg,77
test/4250.jpg,62
test/4251.jpg,78
test/4252.jpg,15
test/4253.jpg,81
test/4254.jpg,77
test/4255.jpg,26
test/4256.jpg,62
test/4257.jpg,15
test/4258.jpg,61
test/4259.jpg,15
test/4260.jpg,5
test/4261.jpg,15
test/4262.jpg,70
test/4263.jpg,53
test/4264.jpg,78
test/4265.jpg,35
test/4266.jpg,84
test/4267.jpg,53
test/4268.jpg,0
test/4269.jpg,23
test/4270.jpg,82
test/4271.jpg,10
test/4272.jpg,17
test/4273.jpg,61
test/4274.jpg,22
test/4275.jpg,29
test/4276.jpg,51
test/4277.jpg,22
test/4278.jpg,83
test/4279.jpg,56
test/4280.jpg,62
test/4281.jpg,0
test/4282.jpg,73
test/4283.jpg,23
test/4284.jpg,73
test/4285.jpg,95
test/4286.jpg,88
test/4287.jpg,23
test/4288.jpg,89
test/4289.jpg,47
test/4290.jpg,63
test/4291.jpg,92
test/4292.jpg,90
test/4293.jpg,76
test/4294.jpg,68
test/4295.jpg,55
test/4296.jpg,93
test/4297.jpg,83
test/4298.jpg,23
test/4299.jpg,75
test/4300.jpg,23
test/4301.jpg,5
test/4302.jpg,51
test/4303.jpg,91
test/4304.jpg,81
test/4305.jpg,12
test/4306.jpg,77
test/4307.jpg,44
test/4308.jpg,69
test/4309.jpg,54
test/4310.jpg,36
test/4311.jpg,15
test/4312.jpg,61
test/4313.jpg,16
test/4314.jpg,83
test/4315.jpg,51
test/4316.jpg,78
test/4317.jpg,71
test/4318.jpg,79
test/4319.jpg,74
test/4320.jpg,60
test/4321.jpg,78
test/4322.jpg,70
test/4323.jpg,10
test/4324.jpg,69
test/4325.jpg,84
test/4326.jpg,26
test/4327.jpg,47
test/4328.jpg,64
test/4329.jpg,26
test/4330.jpg,78
test/4331.jpg,74
test/4332.jpg,69
test/4333.jpg,23
test/4334.jpg,19
test/4335.jpg,9
test/4336.jpg,90
test/4337.jpg,74
test/4338.jpg,76
test/4339.jpg,75
test/4340.jpg,78
test/4341.jpg,9
test/4342.jpg,63
test/4343.jpg,83
test/4344.jpg,91
test/4345.jpg,2
test/4346.jpg,61
test/4347.jpg,17
test/4348.jpg,32
test/4349.jpg,76
test/4350.jpg,47
test/4351.jpg,15
test/4352.jpg,17
test/4353.jpg,10
test/4354.jpg,91
test/4355.jpg,23
test/4356.jpg,67
test/4357.jpg,15
test/4358.jpg,61
test/4359.jpg,87
test/4360.jpg,32
test/4361.jpg,25
test/4362.jpg,4
test/4363.jpg,15
test/4364.jpg,17
test/4365.jpg,73
test/4366.jpg,63
test/4367.jpg,75
test/4368.jpg,0
test/4369.jpg,29
test/4370.jpg,51
test/4371.jpg,71
test/4372.jpg,23
test/4373.jpg,7
test/4374.jpg,23
test/4375.jpg,91
test/4376.jpg,76
test/4377.jpg,36
test/4378.jpg,61
test/4379.jpg,79
test/4380.jpg,5
test/4381.jpg,95
test/4382.jpg,15
test/4383.jpg,62
test/4384.jpg,36
test/4385.jpg,23
test/4386.jpg,79
test/4387.jpg,76
test/4388.jpg,16
test/4389.jpg,76
test/4390.jpg,26
test/4391.jpg,16
test/4392.jpg,79
test/4393.jpg,15
test/4394.jpg,15
test/4395.jpg,95
test/4396.jpg,29
test/4397.jpg,63
test/4398.jpg,71
test/4399.jpg,96
test/4400.jpg,17
test/4401.jpg,10
test/4402.jpg,15
test/4403.jpg,32
test/4404.jpg,69
test/4405.jpg,47
test/4406.jpg,46
test/4407.jpg,61
test/4408.jpg,92
test/4409.jpg,51
test/4410.jpg,44
test/4411.jpg,97
test/4412.jpg,26
test/4413.jpg,60
test/4414.jpg,74
test/4415.jpg,68
test/4416.jpg,63
test/4417.jpg,9
test/4418.jpg,60
test/4419.jpg,23
test/4420.jpg,57
test/4421.jpg,9
test/4422.jpg,26
test/4423.jpg,86
test/4424.jpg,73
test/4425.jpg,68
test/4426.jpg,76
test/4427.jpg,76
test/4428.jpg,89
test/4429.jpg,79
test/4430.jpg,78
test/4431.jpg,1
test/4432.jpg,23
test/4433.jpg,2
test/4434.jpg,69
test/4435.jpg,78
test/4436.jpg,13
test/4437.jpg,77
test/4438.jpg,21
test/4439.jpg,53
test/4440.jpg,21
test/4441.jpg,9
test/4442.jpg,98
test/4443.jpg,10
test/4444.jpg,23
test/4445.jpg,32
test/4446.jpg,23
test/4447.jpg,47
test/4448.jpg,35
test/4449.jpg,35
test/4450.jpg,69
test/4451.jpg,40
test/4452.jpg,27
test/4453.jpg,62
test/4454.jpg,69
test/4455.jpg,10
test/4456.jpg,44
test/4457.jpg,26
test/4458.jpg,26
test/4459.jpg,92
test/4460.jpg,63
test/4461.jpg,79
test/4462.jpg,23
test/4463.jpg,85
test/4464.jpg,63
test/4465.jpg,86
test/4466.jpg,64
test/4467.jpg,76
test/4468.jpg,8
test/4469.jpg,83
test/4470.jpg,32
test/4471.jpg,75
test/4472.jpg,9
test/4473.jpg,73
test/4474.jpg,62
test/4475.jpg,57
test/4476.jpg,61
test/4477.jpg,15
test/4478.jpg,10
test/4479.jpg,19
test/4480.jpg,91
test/4481.jpg,63
test/4482.jpg,2
test/4483.jpg,79
test/4484.jpg,53
test/4485.jpg,76
test/4486.jpg,69
test/4487.jpg,90
test/4488.jpg,29
test/4489.jpg,15
test/4490.jpg,10
test/4491.jpg,10
test/4492.jpg,91
test/4493.jpg,10
test/4494.jpg,79
test/4495.jpg,70
test/4496.jpg,71
test/4497.jpg,78
test/4498.jpg,91
test/4499.jpg,26
test/4500.jpg,57
test/4501.jpg,10
test/4502.jpg,10
test/4503.jpg,77
test/4504.jpg,74
test/4505.jpg,98
test/4506.jpg,15
test/4507.jpg,32
test/4508.jpg,23
test/4509.jpg,89
test/4510.jpg,82
test/4511.jpg,88
test/4512.jpg,69
test/4513.jpg,84
test/4514.jpg,9
test/4515.jpg,74
test/4516.jpg,60
test/4517.jpg,68
test/4518.jpg,0
test/4519.jpg,2
test/4520.jpg,26
test/4521.jpg,26
test/4522.jpg,66
test/4523.jpg,46
test/4524.jpg,10
test/4525.jpg,98
test/4526.jpg,71
test/4527.jpg,60
test/4528.jpg,35
test/4529.jpg,0
test/4530.jpg,9
test/4531.jpg,79
test/4532.jpg,89
test/4533.jpg,68
test/4534.jpg,76
test/4535.jpg,71
test/4536.jpg,97
test/4537.jpg,10
test/4538.jpg,10
test/4539.jpg,0
test/4540.jpg,10
test/4541.jpg,43
test/4542.jpg,15
test/4543.jpg,96
test/4544.jpg,5
test/4545.jpg,23
test/4546.jpg,23
test/4547.jpg,60
test/4548.jpg,64
test/4549.jpg,25
test/4550.jpg,76
test/4551.jpg,32
test/4552.jpg,35
test/4553.jpg,17
test/4554.jpg,5
test/4555.jpg,79
test/4556.jpg,63
test/4557.jpg,62
test/4558.jpg,10
test/4559.jpg,44
test/4560.jpg,7
test/4561.jpg,79
test/4562.jpg,10
test/4563.jpg,79
test/4564.jpg,23
test/4565.jpg,23
test/4566.jpg,60
test/4567.jpg,69
test/4568.jpg,91
test/4569.jpg,78
test/4570.jpg,26
test/4571.jpg,61
test/4572.jpg,64
test/4573.jpg,68
test/4574.jpg,36
test/4575.jpg,52
test/4576.jpg,95
test/4577.jpg,61
test/4578.jpg,43
test/4579.jpg,35
test/4580.jpg,97
test/4581.jpg,86
test/4582.jpg,74
test/4583.jpg,83
test/4584.jpg,89
test/4585.jpg,63
test/4586.jpg,84
test/4587.jpg,5
test/4588.jpg,21
test/4589.jpg,95
test/4590.jpg,10
test/4591.jpg,46
test/4592.jpg,47
test/4593.jpg,83
test/4594.jpg,76
test/4595.jpg,55
test/4596.jpg,64
test/4597.jpg,1
test/4598.jpg,60
test/4599.jpg,69
test/4600.jpg,10
test/4601.jpg,91
test/4602.jpg,74
test/4603.jpg,68
test/4604.jpg,85
test/4605.jpg,13
test/4606.jpg,98
test/4607.jpg,75
test/4608.jpg,15
test/4609.jpg,79
test/4610.jpg,21
test/4611.jpg,61
test/4612.jpg,70
test/4613.jpg,62
test/4614.jpg,15
test/4615.jpg,59
test/4616.jpg,76
test/4617.jpg,44
test/4618.jpg,76
test/4619.jpg,17
test/4620.jpg,15
test/4621.jpg,23
test/4622.jpg,93
test/4623.jpg,83
test/4624.jpg,15
test/4625.jpg,88
test/4626.jpg,76
test/4627.jpg,8
test/4628.jpg,35
test/4629.jpg,95
test/4630.jpg,9
test/4631.jpg,0
test/4632.jpg,70
test/4633.jpg,78
test/4634.jpg,67
test/4635.jpg,55
test/4636.jpg,67
test/4637.jpg,35
test/4638.jpg,55
test/4639.jpg,21
test/4640.jpg,56
test/4641.jpg,91
test/4642.jpg,40
test/4643.jpg,10
test/4644.jpg,46
test/4645.jpg,62
test/4646.jpg,67
test/4647.jpg,8
test/4648.jpg,78
test/4649.jpg,7
test/4650.jpg,76
test/4651.jpg,26
test/4652.jpg,9
test/4653.jpg,35
test/4654.jpg,92
test/4655.jpg,67
test/4656.jpg,11
test/4657.jpg,78
test/4658.jpg,73
test/4659.jpg,35
test/4660.jpg,10
test/4661.jpg,71
test/4662.jpg,27
test/4663.jpg,23
test/4664.jpg,46
test/4665.jpg,27
test/4666.jpg,7
test/4667.jpg,88
test/4668.jpg,10
test/4669.jpg,36
test/4670.jpg,58
test/4671.jpg,64
test/4672.jpg,74
test/4673.jpg,10
test/4674.jpg,23
test/4675.jpg,57
test/4676.jpg,12
test/4677.jpg,10
test/4678.jpg,49
test/4679.jpg,76
test/4680.jpg,23
test/4681.jpg,44
test/4682.jpg,12
test/4683.jpg,15
test/4684.jpg,9
test/4685.jpg,7
test/4686.jpg,51
test/4687.jpg,92
test/4688.jpg,91
test/4689.jpg,89
test/4690.jpg,17
test/4691.jpg,63
test/4692.jpg,5
test/4693.jpg,16
test/4694.jpg,36
test/4695.jpg,10
test/4696.jpg,81
test/4697.jpg,95
test/4698.jpg,26
test/4699.jpg,36
test/4700.jpg,34
test/4701.jpg,14
test/4702.jpg,47
test/4703.jpg,15
test/4704.jpg,61
test/4705.jpg,79
test/4706.jpg,51
test/4707.jpg,89
test/4708.jpg,96
test/4709.jpg,54
test/4710.jpg,19
test/4711.jpg,10
test/4712.jpg,26
test/4713.jpg,73
test/4714.jpg,38
test/4715.jpg,44
test/4716.jpg,76
test/4717.jpg,23
test/4718.jpg,62
test/4719.jpg,10
test/4720.jpg,78
test/4721.jpg,75
test/4722.jpg,49
test/4723.jpg,64
test/4724.jpg,89
test/4725.jpg,88
test/4726.jpg,23
test/4727.jpg,97
test/4728.jpg,64
test/4729.jpg,9
test/4730.jpg,15
test/4731.jpg,35
test/4732.jpg,23
test/4733.jpg,23
test/4734.jpg,15
test/4735.jpg,2
test/4736.jpg,63
test/4737.jpg,9
test/4738.jpg,8
test/4739.jpg,74
test/4740.jpg,95
test/4741.jpg,1
test/4742.jpg,61
test/4743.jpg,1
test/4744.jpg,70
test/4745.jpg,76
test/4746.jpg,69
test/4747.jpg,91
test/4748.jpg,81
test/4749.jpg,55
test/4750.jpg,36
test/4751.jpg,5
test/4752.jpg,90
test/4753.jpg,76
test/4754.jpg,16
test/4755.jpg,26
test/4756.jpg,63
test/4757.jpg,7
test/4758.jpg,19
test/4759.jpg,76
test/4760.jpg,64
test/4761.jpg,23
test/4762.jpg,1
test/4763.jpg,15
test/4764.jpg,47
test/4765.jpg,86
test/4766.jpg,83
test/4767.jpg,78
test/4768.jpg,76
test/4769.jpg,84
test/4770.jpg,78
test/4771.jpg,23
test/4772.jpg,82
test/4773.jpg,46
test/4774.jpg,70
test/4775.jpg,62
test/4776.jpg,67
test/4777.jpg,86
test/4778.jpg,89
test/4779.jpg,84
test/4780.jpg,77
test/4781.jpg,16
test/4782.jpg,79
test/4783.jpg,54
test/4784.jpg,91
test/4785.jpg,91
test/4786.jpg,22
test/4787.jpg,32
test/4788.jpg,92
test/4789.jpg,23
test/4790.jpg,78
test/4791.jpg,9
test/4792.jpg,26
test/4793.jpg,74
test/4794.jpg,79
test/4795.jpg,84
test/4796.jpg,15
test/4797.jpg,64
test/4798.jpg,7
test/4799.jpg,38
test/4800.jpg,86
test/4801.jpg,35
test/4802.jpg,70
test/4803.jpg,26
test/4804.jpg,78
test/4805.jpg,10
test/4806.jpg,89
test/4807.jpg,32
test/4808.jpg,8
test/4809.jpg,7
test/4810.jpg,2
test/4811.jpg,97
test/4812.jpg,38
test/4813.jpg,7
test/4814.jpg,70
test/4815.jpg,48
test/4816.jpg,2
test/4817.jpg,36
test/4818.jpg,69
test/4819.jpg,76
test/4820.jpg,4
test/4821.jpg,26
test/4822.jpg,76
test/4823.jpg,25
test/4824.jpg,63
test/4825.jpg,19
test/4826.jpg,77
test/4827.jpg,96
test/4828.jpg,16
test/4829.jpg,21
test/4830.jpg,61
test/4831.jpg,96
test/4832.jpg,77
test/4833.jpg,36
test/4834.jpg,70
test/4835.jpg,68
test/4836.jpg,87
test/4837.jpg,73
test/4838.jpg,78
test/4839.jpg,63
test/4840.jpg,16
test/4841.jpg,2
test/4842.jpg,47
test/4843.jpg,2
test/4844.jpg,10
test/4845.jpg,69
test/4846.jpg,26
test/4847.jpg,98
test/4848.jpg,78
test/4849.jpg,62
test/4850.jpg,0
test/4851.jpg,82
test/4852.jpg,23
test/4853.jpg,59
test/4854.jpg,11
test/4855.jpg,53
test/4856.jpg,23
test/4857.jpg,36
test/4858.jpg,15
test/4859.jpg,60
test/4860.jpg,10
test/4861.jpg,23
test/4862.jpg,83
test/4863.jpg,15
test/4864.jpg,95
test/4865.jpg,77
test/4866.jpg,82
test/4867.jpg,51
test/4868.jpg,15
test/4869.jpg,79
test/4870.jpg,27
test/4871.jpg,78
test/4872.jpg,32
test/4873.jpg,13
test/4874.jpg,76
test/4875.jpg,23
test/4876.jpg,10
test/4877.jpg,23
test/4878.jpg,15
test/4879.jpg,90
test/4880.jpg,26
test/4881.jpg,15
test/4882.jpg,89
test/4883.jpg,47
test/4884.jpg,47
test/4885.jpg,15
test/4886.jpg,44
test/4887.jpg,67
test/4888.jpg,92
test/4889.jpg,23
test/4890.jpg,16
test/4891.jpg,96
test/4892.jpg,7
test/4893.jpg,64
test/4894.jpg,51
test/4895.jpg,76
test/4896.jpg,89
test/4897.jpg,77
test/4898.jpg,63
test/4899.jpg,62
test/4900.jpg,23
test/4901.jpg,2
test/4902.jpg,95
test/4903.jpg,81
test/4904.jpg,26
test/4905.jpg,15
test/4906.jpg,19
test/4907.jpg,51
test/4908.jpg,51
test/4909.jpg,67
test/4910.jpg,76
test/4911.jpg,12
test/4912.jpg,10
test/4913.jpg,19
test/4914.jpg,61
test/4915.jpg,92
test/4916.jpg,78
test/4917.jpg,81
test/4918.jpg,78
test/4919.jpg,75
test/4920.jpg,76
test/4921.jpg,13
test/4922.jpg,16
test/4923.jpg,78
test/4924.jpg,16
test/4925.jpg,5
test/4926.jpg,60
test/4927.jpg,91
test/4928.jpg,10
test/4929.jpg,84
test/4930.jpg,35
test/4931.jpg,83
test/4932.jpg,46
test/4933.jpg,86
test/4934.jpg,78
test/4935.jpg,51
test/4936.jpg,83
test/4937.jpg,78
test/4938.jpg,74
test/4939.jpg,96
test/4940.jpg,76
test/4941.jpg,5
test/4942.jpg,92
test/4943.jpg,73
test/4944.jpg,25
test/4945.jpg,36
test/4946.jpg,74
test/4947.jpg,16
test/4948.jpg,88
test/4949.jpg,0
test/4950.jpg,9
test/4951.jpg,74
test/4952.jpg,23
test/4953.jpg,56
test/4954.jpg,51
test/4955.jpg,15
test/4956.jpg,83
test/4957.jpg,5
test/4958.jpg,79
test/4959.jpg,29
test/4960.jpg,9
test/4961.jpg,1
test/4962.jpg,92
test/4963.jpg,91
test/4964.jpg,60
test/4965.jpg,55
test/4966.jpg,66
test/4967.jpg,78
test/4968.jpg,70
test/4969.jpg,23
test/4970.jpg,19
test/4971.jpg,69
test/4972.jpg,63
test/4973.jpg,54
test/4974.jpg,81
test/4975.jpg,77
test/4976.jpg,27
test/4977.jpg,56
test/4978.jpg,10
test/4979.jpg,78
test/4980.jpg,96
test/4981.jpg,78
test/4982.jpg,91
test/4983.jpg,23
test/4984.jpg,38
test/4985.jpg,35
test/4986.jpg,84
test/4987.jpg,63
test/4988.jpg,56
test/4989.jpg,74
test/4990.jpg,15
test/4991.jpg,82
test/4992.jpg,91
test/4993.jpg,17
test/4994.jpg,76
test/4995.jpg,23
test/4996.jpg,56
test/4997.jpg,57
test/4998.jpg,26
test/4999.jpg,88
test/5000.jpg,32
test/5001.jpg,69
test/5002.jpg,78
test/5003.jpg,23
test/5004.jpg,26
test/5005.jpg,91
test/5006.jpg,76
test/5007.jpg,8
test/5008.jpg,63
test/5009.jpg,26
test/5010.jpg,54
test/5011.jpg,51
test/5012.jpg,96
test/5013.jpg,19
test/5014.jpg,97
test/5015.jpg,15
test/5016.jpg,46
test/5017.jpg,70
test/5018.jpg,76
test/5019.jpg,40
test/5020.jpg,79
test/5021.jpg,68
test/5022.jpg,62
test/5023.jpg,15
test/5024.jpg,78
test/5025.jpg,15
test/5026.jpg,46
test/5027.jpg,76
test/5028.jpg,35
test/5029.jpg,32
test/5030.jpg,10
test/5031.jpg,85
test/5032.jpg,35
test/5033.jpg,16
test/5034.jpg,46
test/5035.jpg,76
test/5036.jpg,46
test/5037.jpg,57
test/5038.jpg,19
test/5039.jpg,23
test/5040.jpg,76
test/5041.jpg,88
test/5042.jpg,15
test/5043.jpg,91
test/5044.jpg,69
test/5045.jpg,91
test/5046.jpg,5
test/5047.jpg,97
test/5048.jpg,26
test/5049.jpg,7
test/5050.jpg,10
test/5051.jpg,22
test/5052.jpg,10
test/5053.jpg,76
test/5054.jpg,47
test/5055.jpg,44
test/5056.jpg,61
test/5057.jpg,23
test/5058.jpg,23
test/5059.jpg,91
test/5060.jpg,26
test/5061.jpg,49
test/5062.jpg,47
test/5063.jpg,26
test/5064.jpg,68
test/5065.jpg,68
test/5066.jpg,26
test/5067.jpg,64
test/5068.jpg,73
test/5069.jpg,88
test/5070.jpg,10
test/5071.jpg,79
test/5072.jpg,60
test/5073.jpg,46
test/5074.jpg,67
test/5075.jpg,23
test/5076.jpg,67
test/5077.jpg,36
test/5078.jpg,26
test/5079.jpg,26
test/5080.jpg,26
test/5081.jpg,70
test/5082.jpg,9
test/5083.jpg,75
test/5084.jpg,53
test/5085.jpg,90
test/5086.jpg,5
test/5087.jpg,78
test/5088.jpg,62
test/5089.jpg,75
test/5090.jpg,78
test/5091.jpg,76
test/5092.jpg,26
test/5093.jpg,49
test/5094.jpg,10
test/5095.jpg,74
test/5096.jpg,57
test/5097.jpg,64
test/5098.jpg,7
test/5099.jpg,90
test/5100.jpg,78
test/5101.jpg,79
test/5102.jpg,15
test/5103.jpg,10
test/5104.jpg,47
test/5105.jpg,26
test/5106.jpg,63
test/5107.jpg,57
test/5108.jpg,66
test/5109.jpg,64
test/5110.jpg,97
test/5111.jpg,89
test/5112.jpg,95
test/5113.jpg,23
test/5114.jpg,13
test/5115.jpg,76
test/5116.jpg,15
test/5117.jpg,26
test/5118.jpg,10
test/5119.jpg,7
test/5120.jpg,96
test/5121.jpg,19
test/5122.jpg,26
test/5123.jpg,64
test/5124.jpg,46
test/5125.jpg,36
test/5126.jpg,46
test/5127.jpg,64
test/5128.jpg,93
test/5129.jpg,96
test/5130.jpg,51
test/5131.jpg,74
test/5132.jpg,53
test/5133.jpg,81
test/5134.jpg,98
test/5135.jpg,68
test/5136.jpg,66
test/5137.jpg,67
test/5138.jpg,26
test/5139.jpg,49
test/5140.jpg,2
test/5141.jpg,83
test/5142.jpg,59
test/5143.jpg,3
test/5144.jpg,89
test/5145.jpg,63
test/5146.jpg,11
test/5147.jpg,35
test/5148.jpg,7
test/5149.jpg,25
test/5150.jpg,64
test/5151.jpg,78
test/5152.jpg,76
test/5153.jpg,10
test/5154.jpg,53
test/5155.jpg,7
test/5156.jpg,84
test/5157.jpg,70
test/5158.jpg,89
test/5159.jpg,73
test/5160.jpg,88
test/5161.jpg,23
test/5162.jpg,26
test/5163.jpg,88
test/5164.jpg,54
test/5165.jpg,63
test/5166.jpg,76
test/5167.jpg,78
test/5168.jpg,17
test/5169.jpg,29
test/5170.jpg,51
test/5171.jpg,51
test/5172.jpg,26
test/5173.jpg,76
test/5174.jpg,26
test/5175.jpg,17
test/5176.jpg,17
test/5177.jpg,16
test/5178.jpg,13
test/5179.jpg,81
test/5180.jpg,71
test/5181.jpg,62
test/5182.jpg,10
test/5183.jpg,78
test/5184.jpg,17
test/5185.jpg,81
test/5186.jpg,49
test/5187.jpg,23
test/5188.jpg,17
test/5189.jpg,91
test/5190.jpg,23
test/5191.jpg,18
test/5192.jpg,23
test/5193.jpg,79
test/5194.jpg,78
test/5195.jpg,15
test/5196.jpg,79
test/5197.jpg,56
test/5198.jpg,51
test/5199.jpg,71
test/5200.jpg,21
test/5201.jpg,23
test/5202.jpg,26
test/5203.jpg,51
test/5204.jpg,63
test/5205.jpg,57
test/5206.jpg,86
test/5207.jpg,89
test/5208.jpg,64
test/5209.jpg,16
test/5210.jpg,71
test/5211.jpg,23
test/5212.jpg,32
test/5213.jpg,17
test/5214.jpg,0
test/5215.jpg,9
test/5216.jpg,81
test/5217.jpg,5
test/5218.jpg,46
test/5219.jpg,81
test/5220.jpg,86
test/5221.jpg,76
test/5222.jpg,32
test/5223.jpg,11
test/5224.jpg,36
test/5225.jpg,93
test/5226.jpg,1
test/5227.jpg,70
test/5228.jpg,27
test/5229.jpg,22
test/5230.jpg,89
test/5231.jpg,43
test/5232.jpg,57
test/5233.jpg,47
test/5234.jpg,7
test/5235.jpg,92
test/5236.jpg,86
test/5237.jpg,48
test/5238.jpg,55
test/5239.jpg,77
test/5240.jpg,84
test/5241.jpg,99
test/5242.jpg,23
test/5243.jpg,76
test/5244.jpg,16
test/5245.jpg,63
test/5246.jpg,3
test/5247.jpg,61
test/5248.jpg,82
test/5249.jpg,26
test/5250.jpg,63
test/5251.jpg,40
test/5252.jpg,96
test/5253.jpg,61
test/5254.jpg,29
test/5255.jpg,23
test/5256.jpg,51
test/5257.jpg,8
test/5258.jpg,68
test/5259.jpg,12
test/5260.jpg,10
test/5261.jpg,36
test/5262.jpg,10
test/5263.jpg,10
test/5264.jpg,5
test/5265.jpg,95
test/5266.jpg,82
test/5267.jpg,27
test/5268.jpg,10
test/5269.jpg,10
test/5270.jpg,60
test/5271.jpg,10
test/5272.jpg,17
test/5273.jpg,68
test/5274.jpg,23
test/5275.jpg,97
test/5276.jpg,78
test/5277.jpg,78
test/5278.jpg,7
test/5279.jpg,16
test/5280.jpg,78
test/5281.jpg,76
test/5282.jpg,79
test/5283.jpg,0
test/5284.jpg,61
test/5285.jpg,70
test/5286.jpg,86
test/5287.jpg,54
test/5288.jpg,89
test/5289.jpg,47
test/5290.jpg,91
test/5291.jpg,77
test/5292.jpg,39
test/5293.jpg,57
test/5294.jpg,79
test/5295.jpg,40
test/5296.jpg,70
test/5297.jpg,64
test/5298.jpg,15
test/5299.jpg,69
test/5300.jpg,76
test/5301.jpg,8
test/5302.jpg,91
test/5303.jpg,74
test/5304.jpg,32
test/5305.jpg,53
test/5306.jpg,76
test/5307.jpg,11
test/5308.jpg,80
test/5309.jpg,49
test/5310.jpg,16
test/5311.jpg,61
test/5312.jpg,36
test/5313.jpg,91
test/5314.jpg,89
test/5315.jpg,63
test/5316.jpg,10
test/5317.jpg,81
test/5318.jpg,62
test/5319.jpg,23
test/5320.jpg,69
test/5321.jpg,78
test/5322.jpg,44
test/5323.jpg,73
test/5324.jpg,90
test/5325.jpg,9
test/5326.jpg,78
test/5327.jpg,62
test/5328.jpg,22
test/5329.jpg,74
test/5330.jpg,29
test/5331.jpg,10
test/5332.jpg,64
test/5333.jpg,70
test/5334.jpg,83
test/5335.jpg,68
test/5336.jpg,91
test/5337.jpg,43
test/5338.jpg,15
test/5339.jpg,91
test/5340.jpg,78
test/5341.jpg,36
test/5342.jpg,7
test/5343.jpg,78
test/5344.jpg,10
test/5345.jpg,21
test/5346.jpg,10
test/5347.jpg,68
test/5348.jpg,91
test/5349.jpg,61
test/5350.jpg,83
test/5351.jpg,23
test/5352.jpg,73
test/5353.jpg,38
test/5354.jpg,97
test/5355.jpg,68
test/5356.jpg,83
test/5357.jpg,51
test/5358.jpg,64
test/5359.jpg,69
test/5360.jpg,81
test/5361.jpg,73
test/5362.jpg,23
test/5363.jpg,86
test/5364.jpg,49
test/5365.jpg,62
test/5366.jpg,57
test/5367.jpg,90
test/5368.jpg,22
test/5369.jpg,8
test/5370.jpg,47
test/5371.jpg,62
test/5372.jpg,64
test/5373.jpg,17
test/5374.jpg,10
test/5375.jpg,15
test/5376.jpg,76
test/5377.jpg,73
test/5378.jpg,23
test/5379.jpg,63
test/5380.jpg,76
test/5381.jpg,5
test/5382.jpg,5
test/5383.jpg,35
test/5384.jpg,46
test/5385.jpg,76
test/5386.jpg,91
test/5387.jpg,2
test/5388.jpg,90
test/5389.jpg,62
test/5390.jpg,39
test/5391.jpg,71
test/5392.jpg,23
test/5393.jpg,25
test/5394.jpg,97
test/5395.jpg,91
test/5396.jpg,46
test/5397.jpg,27
test/5398.jpg,88
test/5399.jpg,83
test/5400.jpg,68
test/5401.jpg,27
test/5402.jpg,93
test/5403.jpg,10
test/5404.jpg,76
test/5405.jpg,88
test/5406.jpg,78
test/5407.jpg,76
test/5408.jpg,73
test/5409.jpg,44
test/5410.jpg,78
test/5411.jpg,91
test/5412.jpg,77
test/5413.jpg,0
test/5414.jpg,10
test/5415.jpg,91
test/5416.jpg,76
test/5417.jpg,96
test/5418.jpg,63
test/5419.jpg,81
test/5420.jpg,4
test/5421.jpg,70
test/5422.jpg,62
test/5423.jpg,22
test/5424.jpg,23
test/5425.jpg,96
test/5426.jpg,98
test/5427.jpg,46
test/5428.jpg,70
test/5429.jpg,96
test/5430.jpg,63
test/5431.jpg,29
test/5432.jpg,26
test/5433.jpg,83
test/5434.jpg,84
test/5435.jpg,40
test/5436.jpg,78
test/5437.jpg,23
test/5438.jpg,89
test/5439.jpg,48
test/5440.jpg,76
test/5441.jpg,16
test/5442.jpg,35
test/5443.jpg,16
test/5444.jpg,8
test/5445.jpg,54
test/5446.jpg,47
test/5447.jpg,13
test/5448.jpg,84
test/5449.jpg,54
test/5450.jpg,92
test/5451.jpg,95
test/5452.jpg,95
test/5453.jpg,1
test/5454.jpg,10
test/5455.jpg,15
test/5456.jpg,93
test/5457.jpg,59
test/5458.jpg,23
test/5459.jpg,36
test/5460.jpg,10
test/5461.jpg,78
test/5462.jpg,51
test/5463.jpg,81
test/5464.jpg,54
test/5465.jpg,68
test/5466.jpg,15
test/5467.jpg,95
test/5468.jpg,63
test/5469.jpg,36
test/5470.jpg,89
test/5471.jpg,67
test/5472.jpg,15
test/5473.jpg,10
test/5474.jpg,64
test/5475.jpg,89
test/5476.jpg,78
test/5477.jpg,29
test/5478.jpg,61
test/5479.jpg,46
test/5480.jpg,55
test/5481.jpg,19
test/5482.jpg,63
test/5483.jpg,64
test/5484.jpg,23
test/5485.jpg,64
test/5486.jpg,1
test/5487.jpg,10
test/5488.jpg,38
test/5489.jpg,47
test/5490.jpg,90
test/5491.jpg,76
test/5492.jpg,71
test/5493.jpg,10
test/5494.jpg,26
test/5495.jpg,32
test/5496.jpg,98
test/5497.jpg,40
test/5498.jpg,7
test/5499.jpg,15
test/5500.jpg,9
test/5501.jpg,47
test/5502.jpg,14
test/5503.jpg,91
test/5504.jpg,78
test/5505.jpg,62
test/5506.jpg,60
test/5507.jpg,86
test/5508.jpg,69
test/5509.jpg,67
test/5510.jpg,8
test/5511.jpg,53
test/5512.jpg,10
test/5513.jpg,11
test/5514.jpg,67
test/5515.jpg,67
test/5516.jpg,91
test/5517.jpg,76
test/5518.jpg,70
test/5519.jpg,43
test/5520.jpg,70
test/5521.jpg,68
test/5522.jpg,91
test/5523.jpg,76
test/5524.jpg,23
test/5525.jpg,51
test/5526.jpg,9
test/5527.jpg,47
test/5528.jpg,67
test/5529.jpg,15
test/5530.jpg,47
test/5531.jpg,27
test/5532.jpg,96
test/5533.jpg,53
test/5534.jpg,81
test/5535.jpg,10
test/5536.jpg,14
test/5537.jpg,10
test/5538.jpg,19
test/5539.jpg,64
test/5540.jpg,61
test/5541.jpg,91
test/5542.jpg,92
test/5543.jpg,68
test/5544.jpg,91
test/5545.jpg,26
test/5546.jpg,95
test/5547.jpg,35
test/5548.jpg,79
test/5549.jpg,78
test/5550.jpg,23
test/5551.jpg,78
test/5552.jpg,26
test/5553.jpg,26
test/5554.jpg,43
test/5555.jpg,9
test/5556.jpg,23
test/5557.jpg,1
test/5558.jpg,99
test/5559.jpg,16
test/5560.jpg,79
test/5561.jpg,34
test/5562.jpg,32
test/5563.jpg,86
test/5564.jpg,78
test/5565.jpg,38
test/5566.jpg,71
test/5567.jpg,2
test/5568.jpg,71
test/5569.jpg,51
test/5570.jpg,26
test/5571.jpg,17
test/5572.jpg,83
test/5573.jpg,44
test/5574.jpg,55
test/5575.jpg,35
test/5576.jpg,61
test/5577.jpg,90
test/5578.jpg,0
test/5579.jpg,19
test/5580.jpg,35
test/5581.jpg,36
test/5582.jpg,84
test/5583.jpg,69
test/5584.jpg,75
test/5585.jpg,68
test/5586.jpg,49
test/5587.jpg,69
test/5588.jpg,89
test/5589.jpg,47
test/5590.jpg,29
test/5591.jpg,27
test/5592.jpg,15
test/5593.jpg,76
test/5594.jpg,10
test/5595.jpg,15
test/5596.jpg,93
test/5597.jpg,16
test/5598.jpg,91
test/5599.jpg,19
test/5600.jpg,89
test/5601.jpg,10
test/5602.jpg,61
test/5603.jpg,67
test/5604.jpg,83
test/5605.jpg,62
test/5606.jpg,69
test/5607.jpg,61
test/5608.jpg,70
test/5609.jpg,32
test/5610.jpg,51
test/5611.jpg,91
test/5612.jpg,68
test/5613.jpg,86
test/5614.jpg,35
test/5615.jpg,89
test/5616.jpg,76
test/5617.jpg,34
test/5618.jpg,23
test/5619.jpg,67
test/5620.jpg,36
test/5621.jpg,0
test/5622.jpg,89
test/5623.jpg,74
test/5624.jpg,16
test/5625.jpg,76
test/5626.jpg,68
test/5627.jpg,47
test/5628.jpg,68
test/5629.jpg,68
test/5630.jpg,70
test/5631.jpg,36
test/5632.jpg,19
test/5633.jpg,15
test/5634.jpg,23
test/5635.jpg,17
test/5636.jpg,13
test/5637.jpg,90
test/5638.jpg,60
test/5639.jpg,17
test/5640.jpg,53
test/5641.jpg,4
test/5642.jpg,63
test/5643.jpg,23
test/5644.jpg,76
test/5645.jpg,5
test/5646.jpg,96
test/5647.jpg,97
test/5648.jpg,10
test/5649.jpg,76
test/5650.jpg,10
test/5651.jpg,17
test/5652.jpg,89
test/5653.jpg,25
test/5654.jpg,10
test/5655.jpg,70
test/5656.jpg,47
test/5657.jpg,43
test/5658.jpg,55
test/5659.jpg,23
test/5660.jpg,19
test/5661.jpg,10
test/5662.jpg,23
test/5663.jpg,15
test/5664.jpg,72
test/5665.jpg,76
test/5666.jpg,83
test/5667.jpg,8
test/5668.jpg,66
test/5669.jpg,19
test/5670.jpg,9
test/5671.jpg,25
test/5672.jpg,47
test/5673.jpg,10
test/5674.jpg,81
test/5675.jpg,91
test/5676.jpg,95
test/5677.jpg,23
test/5678.jpg,64
test/5679.jpg,88
test/5680.jpg,76
test/5681.jpg,27
test/5682.jpg,60
test/5683.jpg,29
test/5684.jpg,92
test/5685.jpg,70
test/5686.jpg,83
test/5687.jpg,10
test/5688.jpg,86
test/5689.jpg,21
test/5690.jpg,54
test/5691.jpg,82
test/5692.jpg,76
test/5693.jpg,10
test/5694.jpg,78
test/5695.jpg,10
test/5696.jpg,15
test/5697.jpg,36
test/5698.jpg,17
test/5699.jpg,7
test/5700.jpg,47
test/5701.jpg,19
test/5702.jpg,13
test/5703.jpg,74
test/5704.jpg,95
test/5705.jpg,92
test/5706.jpg,73
test/5707.jpg,63
test/5708.jpg,26
test/5709.jpg,51
test/5710.jpg,76
test/5711.jpg,90
test/5712.jpg,5
test/5713.jpg,23
test/5714.jpg,90
test/5715.jpg,83
test/5716.jpg,11
test/5717.jpg,84
test/5718.jpg,51
test/5719.jpg,9
test/5720.jpg,78
test/5721.jpg,61
test/5722.jpg,23
test/5723.jpg,71
test/5724.jpg,8
test/5725.jpg,92
test/5726.jpg,77
test/5727.jpg,13
test/5728.jpg,54
test/5729.jpg,9
test/5730.jpg,95
test/5731.jpg,83
test/5732.jpg,8
test/5733.jpg,66
test/5734.jpg,70
test/5735.jpg,44
test/5736.jpg,7
test/5737.jpg,15
test/5738.jpg,38
test/5739.jpg,90
test/5740.jpg,69
test/5741.jpg,26
test/5742.jpg,36
test/5743.jpg,78
test/5744.jpg,23
test/5745.jpg,91
test/5746.jpg,23
test/5747.jpg,86
test/5748.jpg,79
test/5749.jpg,27
test/5750.jpg,79
test/5751.jpg,10
test/5752.jpg,73
test/5753.jpg,73
test/5754.jpg,74
test/5755.jpg,26
test/5756.jpg,63
test/5757.jpg,12
test/5758.jpg,70
test/5759.jpg,5
test/5760.jpg,73
test/5761.jpg,8
test/5762.jpg,49
test/5763.jpg,56
test/5764.jpg,74
test/5765.jpg,69
test/5766.jpg,61
test/5767.jpg,10
test/5768.jpg,35
test/5769.jpg,96
test/5770.jpg,87
test/5771.jpg,15
test/5772.jpg,78
test/5773.jpg,68
test/5774.jpg,63
test/5775.jpg,88
test/5776.jpg,62
test/5777.jpg,84
test/5778.jpg,97
test/5779.jpg,83
test/5780.jpg,70
test/5781.jpg,1
test/5782.jpg,5
test/5783.jpg,51
test/5784.jpg,70
test/5785.jpg,9
test/5786.jpg,74
test/5787.jpg,16
test/5788.jpg,9
test/5789.jpg,68
test/5790.jpg,70
test/5791.jpg,36
test/5792.jpg,88
test/5793.jpg,43
test/5794.jpg,10
test/5795.jpg,88
test/5796.jpg,70
test/5797.jpg,90
test/5798.jpg,74
test/5799.jpg,61
test/5800.jpg,61
test/5801.jpg,12
test/5802.jpg,2
test/5803.jpg,27
test/5804.jpg,8
test/5805.jpg,82
test/5806.jpg,61
test/5807.jpg,10
test/5808.jpg,8
test/5809.jpg,29
test/5810.jpg,0
test/5811.jpg,78
test/5812.jpg,76
test/5813.jpg,76
test/5814.jpg,35
test/5815.jpg,98
test/5816.jpg,91
test/5817.jpg,29
test/5818.jpg,47
test/5819.jpg,74
test/5820.jpg,68
test/5821.jpg,5
test/5822.jpg,19
test/5823.jpg,63
test/5824.jpg,91
test/5825.jpg,91
test/5826.jpg,16
test/5827.jpg,63
test/5828.jpg,86
test/5829.jpg,81
test/5830.jpg,75
test/5831.jpg,26
test/5832.jpg,79
test/5833.jpg,56
test/5834.jpg,63
test/5835.jpg,95
test/5836.jpg,13
test/5837.jpg,62
test/5838.jpg,91
test/5839.jpg,71
test/5840.jpg,26
test/5841.jpg,66
test/5842.jpg,83
test/5843.jpg,74
test/5844.jpg,66
test/5845.jpg,88
test/5846.jpg,53
test/5847.jpg,23
test/5848.jpg,32
test/5849.jpg,78
test/5850.jpg,15
test/5851.jpg,34
test/5852.jpg,91
test/5853.jpg,90
test/5854.jpg,60
test/5855.jpg,47
test/5856.jpg,57
test/5857.jpg,15
test/5858.jpg,10
test/5859.jpg,11
test/5860.jpg,51
test/5861.jpg,13
test/5862.jpg,64
test/5863.jpg,38
test/5864.jpg,91
test/5865.jpg,78
test/5866.jpg,82
test/5867.jpg,46
test/5868.jpg,15
test/5869.jpg,47
test/5870.jpg,58
test/5871.jpg,55
test/5872.jpg,91
test/5873.jpg,76
test/5874.jpg,5
test/5875.jpg,70
test/5876.jpg,5
test/5877.jpg,0
test/5878.jpg,76
test/5879.jpg,26
test/5880.jpg,22
test/5881.jpg,70
test/5882.jpg,67
test/5883.jpg,35
test/5884.jpg,89
test/5885.jpg,25
test/5886.jpg,79
test/5887.jpg,15
test/5888.jpg,89
test/5889.jpg,96
test/5890.jpg,81
test/5891.jpg,91
test/5892.jpg,68
test/5893.jpg,62
test/5894.jpg,51
test/5895.jpg,55
test/5896.jpg,2
test/5897.jpg,63
test/5898.jpg,4
test/5899.jpg,35
test/5900.jpg,36
test/5901.jpg,55
test/5902.jpg,26
test/5903.jpg,23
test/5904.jpg,62
test/5905.jpg,53
test/5906.jpg,9
test/5907.jpg,64
test/5908.jpg,69
test/5909.jpg,88
test/5910.jpg,15
test/5911.jpg,68
test/5912.jpg,63
test/5913.jpg,64
test/5914.jpg,76
test/5915.jpg,76
test/5916.jpg,90
test/5917.jpg,67
test/5918.jpg,10
test/5919.jpg,63
test/5920.jpg,46
test/5921.jpg,0
test/5922.jpg,23
test/5923.jpg,63
test/5924.jpg,70
test/5925.jpg,54
test/5926.jpg,23
test/5927.jpg,78
test/5928.jpg,10
test/5929.jpg,61
test/5930.jpg,19
test/5931.jpg,62
test/5932.jpg,16
test/5933.jpg,67
test/5934.jpg,35
test/5935.jpg,21
test/5936.jpg,95
test/5937.jpg,79
test/5938.jpg,78
test/5939.jpg,63
test/5940.jpg,60
test/5941.jpg,63
test/5942.jpg,15
test/5943.jpg,62
test/5944.jpg,10
test/5945.jpg,74
test/5946.jpg,15
test/5947.jpg,91
test/5948.jpg,77
test/5949.jpg,10
test/5950.jpg,74
test/5951.jpg,10
test/5952.jpg,14
test/5953.jpg,1
test/5954.jpg,22
test/5955.jpg,17
test/5956.jpg,10
test/5957.jpg,60
test/5958.jpg,22
test/5959.jpg,23
test/5960.jpg,98
test/5961.jpg,95
test/5962.jpg,78
test/5963.jpg,95
test/5964.jpg,15
test/5965.jpg,10
test/5966.jpg,5
test/5967.jpg,15
test/5968.jpg,17
test/5969.jpg,22
test/5970.jpg,67
test/5971.jpg,96
test/5972.jpg,15
test/5973.jpg,23
test/5974.jpg,68
test/5975.jpg,55
test/5976.jpg,86
test/5977.jpg,64
test/5978.jpg,29
test/5979.jpg,74
test/5980.jpg,73
test/5981.jpg,93
test/5982.jpg,51
test/5983.jpg,15
test/5984.jpg,82
test/5985.jpg,86
test/5986.jpg,15
test/5987.jpg,27
test/5988.jpg,36
test/5989.jpg,84
test/5990.jpg,32
test/5991.jpg,39
test/5992.jpg,8
test/5993.jpg,60
test/5994.jpg,62
test/5995.jpg,23
test/5996.jpg,27
test/5997.jpg,96
test/5998.jpg,35
test/5999.jpg,75
test/6000.jpg,23
test/6001.jpg,27
test/6002.jpg,36
test/6003.jpg,60
test/6004.jpg,70
test/6005.jpg,93
test/6006.jpg,91
test/6007.jpg,0
test/6008.jpg,10
test/6009.jpg,83
test/6010.jpg,61
test/6011.jpg,8
test/6012.jpg,26
test/6013.jpg,3
test/6014.jpg,79
test/6015.jpg,10
test/6016.jpg,84
test/6017.jpg,86
test/6018.jpg,7
test/6019.jpg,7
test/6020.jpg,66
test/6021.jpg,62
test/6022.jpg,90
test/6023.jpg,14
test/6024.jpg,53
test/6025.jpg,84
test/6026.jpg,2
test/6027.jpg,89
test/6028.jpg,15
test/6029.jpg,19
test/6030.jpg,64
test/6031.jpg,10
test/6032.jpg,23
test/6033.jpg,75
test/6034.jpg,78
test/6035.jpg,74
test/6036.jpg,43
test/6037.jpg,81
test/6038.jpg,59
test/6039.jpg,51
test/6040.jpg,26
test/6041.jpg,12
test/6042.jpg,27
test/6043.jpg,23
test/6044.jpg,89
test/6045.jpg,68
test/6046.jpg,36
test/6047.jpg,81
test/6048.jpg,8
test/6049.jpg,26
test/6050.jpg,86
test/6051.jpg,62
test/6052.jpg,64
test/6053.jpg,10
test/6054.jpg,77
test/6055.jpg,16
test/6056.jpg,32
test/6057.jpg,10
test/6058.jpg,32
test/6059.jpg,90
test/6060.jpg,64
test/6061.jpg,57
test/6062.jpg,23
test/6063.jpg,10
test/6064.jpg,55
test/6065.jpg,71
test/6066.jpg,74
test/6067.jpg,53
test/6068.jpg,78
test/6069.jpg,74
test/6070.jpg,4
test/6071.jpg,97
test/6072.jpg,74
test/6073.jpg,77
test/6074.jpg,63
test/6075.jpg,2
test/6076.jpg,47
test/6077.jpg,73
test/6078.jpg,7
test/6079.jpg,46
test/6080.jpg,27
test/6081.jpg,71
test/6082.jpg,10
test/6083.jpg,86
test/6084.jpg,62
test/6085.jpg,84
test/6086.jpg,46
test/6087.jpg,17
test/6088.jpg,81
test/6089.jpg,68
test/6090.jpg,61
test/6091.jpg,91
test/6092.jpg,76
test/6093.jpg,79
test/6094.jpg,74
test/6095.jpg,32
test/6096.jpg,68
test/6097.jpg,84
test/6098.jpg,27
test/6099.jpg,44
test/6100.jpg,16
test/6101.jpg,61
test/6102.jpg,66
test/6103.jpg,83
test/6104.jpg,23
test/6105.jpg,51
test/6106.jpg,70
test/6107.jpg,64
test/6108.jpg,78
test/6109.jpg,78
test/6110.jpg,54
test/6111.jpg,69
test/6112.jpg,76
test/6113.jpg,71
test/6114.jpg,62
test/6115.jpg,0
test/6116.jpg,1
test/6117.jpg,5
test/6118.jpg,38
test/6119.jpg,10
test/6120.jpg,73
test/6121.jpg,79
test/6122.jpg,44
test/6123.jpg,92
test/6124.jpg,60
test/6125.jpg,83
test/6126.jpg,87
test/6127.jpg,55
test/6128.jpg,63
test/6129.jpg,54
test/6130.jpg,34
test/6131.jpg,69
test/6132.jpg,91
test/6133.jpg,22
test/6134.jpg,61
test/6135.jpg,76
test/6136.jpg,0
test/6137.jpg,63
test/6138.jpg,39
test/6139.jpg,36
test/6140.jpg,60
test/6141.jpg,61
test/6142.jpg,77
test/6143.jpg,76
test/6144.jpg,23
test/6145.jpg,51
test/6146.jpg,98
test/6147.jpg,74
test/6148.jpg,5
test/6149.jpg,53
test/6150.jpg,23
test/6151.jpg,70
test/6152.jpg,10
test/6153.jpg,74
test/6154.jpg,10
test/6155.jpg,88
test/6156.jpg,74
test/6157.jpg,78
test/6158.jpg,40
test/6159.jpg,63
test/6160.jpg,29
test/6161.jpg,49
test/6162.jpg,15
test/6163.jpg,62
test/6164.jpg,60
test/6165.jpg,61
test/6166.jpg,35
test/6167.jpg,70
test/6168.jpg,73
test/6169.jpg,36
test/6170.jpg,92
test/6171.jpg,60
test/6172.jpg,64
test/6173.jpg,26
test/6174.jpg,31
test/6175.jpg,39
test/6176.jpg,82
test/6177.jpg,73
test/6178.jpg,23
test/6179.jpg,10
test/6180.jpg,91
test/6181.jpg,8
test/6182.jpg,35
test/6183.jpg,86
test/6184.jpg,69
test/6185.jpg,49
test/6186.jpg,56
test/6187.jpg,10
test/6188.jpg,10
test/6189.jpg,96
test/6190.jpg,90
test/6191.jpg,70
test/6192.jpg,21
test/6193.jpg,10
test/6194.jpg,70
test/6195.jpg,26
test/6196.jpg,46
test/6197.jpg,16
test/6198.jpg,35
test/6199.jpg,17
test/6200.jpg,23
test/6201.jpg,74
test/6202.jpg,63
test/6203.jpg,90
test/6204.jpg,35
test/6205.jpg,19
test/6206.jpg,79
test/6207.jpg,17
test/6208.jpg,91
test/6209.jpg,78
test/6210.jpg,76
test/6211.jpg,62
test/6212.jpg,68
test/6213.jpg,88
test/6214.jpg,77
test/6215.jpg,69
test/6216.jpg,12
test/6217.jpg,92
test/6218.jpg,13
test/6219.jpg,34
test/6220.jpg,7
test/6221.jpg,84
test/6222.jpg,16
test/6223.jpg,90
test/6224.jpg,46
test/6225.jpg,16
test/6226.jpg,70
test/6227.jpg,86
test/6228.jpg,97
test/6229.jpg,49
test/6230.jpg,26
test/6231.jpg,91
test/6232.jpg,29
test/6233.jpg,78
test/6234.jpg,27
test/6235.jpg,76
test/6236.jpg,40
test/6237.jpg,68
test/6238.jpg,47
test/6239.jpg,17
test/6240.jpg,26
test/6241.jpg,63
test/6242.jpg,15
test/6243.jpg,76
test/6244.jpg,16
test/6245.jpg,26
test/6246.jpg,16
test/6247.jpg,53
test/6248.jpg,23
test/6249.jpg,31
test/6250.jpg,74
test/6251.jpg,51
test/6252.jpg,54
test/6253.jpg,99
test/6254.jpg,78
test/6255.jpg,95
test/6256.jpg,58
test/6257.jpg,39
test/6258.jpg,78
test/6259.jpg,81
test/6260.jpg,5
test/6261.jpg,26
test/6262.jpg,35
test/6263.jpg,11
test/6264.jpg,74
test/6265.jpg,46
test/6266.jpg,35
test/6267.jpg,39
test/6268.jpg,10
test/6269.jpg,10
test/6270.jpg,23
test/6271.jpg,9
test/6272.jpg,83
test/6273.jpg,27
test/6274.jpg,23
test/6275.jpg,47
test/6276.jpg,15
test/6277.jpg,9
test/6278.jpg,15
test/6279.jpg,86
test/6280.jpg,64
test/6281.jpg,91
test/6282.jpg,26
test/6283.jpg,83
test/6284.jpg,5
test/6285.jpg,70
test/6286.jpg,79
test/6287.jpg,10
test/6288.jpg,51
test/6289.jpg,15
test/6290.jpg,16
test/6291.jpg,54
test/6292.jpg,91
test/6293.jpg,34
test/6294.jpg,97
test/6295.jpg,89
test/6296.jpg,16
test/6297.jpg,9
test/6298.jpg,63
test/6299.jpg,73
test/6300.jpg,57
test/6301.jpg,36
test/6302.jpg,23
test/6303.jpg,54
test/6304.jpg,13
test/6305.jpg,64
test/6306.jpg,78
test/6307.jpg,71
test/6308.jpg,15
test/6309.jpg,47
test/6310.jpg,84
test/6311.jpg,97
test/6312.jpg,25
test/6313.jpg,77
test/6314.jpg,25
test/6315.jpg,9
test/6316.jpg,17
test/6317.jpg,29
test/6318.jpg,38
test/6319.jpg,81
test/6320.jpg,23
test/6321.jpg,29
test/6322.jpg,74
test/6323.jpg,46
test/6324.jpg,68
test/6325.jpg,98
test/6326.jpg,90
test/6327.jpg,15
test/6328.jpg,21
test/6329.jpg,76
test/6330.jpg,10
test/6331.jpg,78
test/6332.jpg,10
test/6333.jpg,10
test/6334.jpg,70
test/6335.jpg,54
test/6336.jpg,89
test/6337.jpg,10
test/6338.jpg,79
test/6339.jpg,26
test/6340.jpg,51
test/6341.jpg,13
test/6342.jpg,78
test/6343.jpg,10
test/6344.jpg,76
test/6345.jpg,47
test/6346.jpg,15
test/6347.jpg,43
test/6348.jpg,88
test/6349.jpg,26
test/6350.jpg,23
test/6351.jpg,32
test/6352.jpg,15
test/6353.jpg,64
test/6354.jpg,83
test/6355.jpg,17
test/6356.jpg,78
test/6357.jpg,10
test/6358.jpg,62
test/6359.jpg,12
test/6360.jpg,76
test/6361.jpg,73
test/6362.jpg,13
test/6363.jpg,70
test/6364.jpg,53
test/6365.jpg,54
test/6366.jpg,23
test/6367.jpg,23
test/6368.jpg,32
test/6369.jpg,88
test/6370.jpg,91
test/6371.jpg,69
test/6372.jpg,23
test/6373.jpg,13
test/6374.jpg,69
test/6375.jpg,86
test/6376.jpg,68
test/6377.jpg,61
test/6378.jpg,81
test/6379.jpg,51
test/6380.jpg,27
test/6381.jpg,69
test/6382.jpg,15
test/6383.jpg,83
test/6384.jpg,15
test/6385.jpg,79
test/6386.jpg,74
test/6387.jpg,82
test/6388.jpg,78
test/6389.jpg,91
test/6390.jpg,73
test/6391.jpg,16
test/6392.jpg,15
test/6393.jpg,82
test/6394.jpg,15
test/6395.jpg,78
test/6396.jpg,7
test/6397.jpg,0
test/6398.jpg,65
test/6399.jpg,23
test/6400.jpg,84
test/6401.jpg,67
test/6402.jpg,35
test/6403.jpg,76
test/6404.jpg,69
test/6405.jpg,70
test/6406.jpg,0
test/6407.jpg,51
test/6408.jpg,74
test/6409.jpg,93
test/6410.jpg,23
test/6411.jpg,9
test/6412.jpg,31
test/6413.jpg,96
test/6414.jpg,62
test/6415.jpg,15
test/6416.jpg,7
test/6417.jpg,81
test/6418.jpg,66
test/6419.jpg,76
test/6420.jpg,70
test/6421.jpg,51
test/6422.jpg,2
test/6423.jpg,23
test/6424.jpg,23
test/6425.jpg,78
test/6426.jpg,7
test/6427.jpg,69
test/6428.jpg,53
test/6429.jpg,63
test/6430.jpg,15
test/6431.jpg,82
test/6432.jpg,15
test/6433.jpg,76
test/6434.jpg,77
test/6435.jpg,91
test/6436.jpg,8
test/6437.jpg,90
test/6438.jpg,82
test/6439.jpg,62
test/6440.jpg,92
test/6441.jpg,23
test/6442.jpg,80
test/6443.jpg,26
test/6444.jpg,29
test/6445.jpg,63
test/6446.jpg,84
test/6447.jpg,70
test/6448.jpg,78
test/6449.jpg,0
test/6450.jpg,76
test/6451.jpg,31
test/6452.jpg,47
test/6453.jpg,79
test/6454.jpg,67
test/6455.jpg,62
test/6456.jpg,15
test/6457.jpg,23
test/6458.jpg,98
test/6459.jpg,44
test/6460.jpg,10
test/6461.jpg,75
test/6462.jpg,23
test/6463.jpg,5
test/6464.jpg,32
test/6465.jpg,78
test/6466.jpg,60
test/6467.jpg,59
test/6468.jpg,15
test/6469.jpg,67
test/6470.jpg,23
test/6471.jpg,5
test/6472.jpg,19
test/6473.jpg,7
test/6474.jpg,70
test/6475.jpg,27
test/6476.jpg,46
test/6477.jpg,15
test/6478.jpg,78
test/6479.jpg,0
test/6480.jpg,23
test/6481.jpg,22
test/6482.jpg,32
test/6483.jpg,10
test/6484.jpg,25
test/6485.jpg,16
test/6486.jpg,91
test/6487.jpg,27
test/6488.jpg,89
test/6489.jpg,26
test/6490.jpg,26
test/6491.jpg,95
test/6492.jpg,29
test/6493.jpg,23
test/6494.jpg,16
test/6495.jpg,26
test/6496.jpg,9
test/6497.jpg,49
test/6498.jpg,2
test/6499.jpg,23
test/6500.jpg,17
test/6501.jpg,15
test/6502.jpg,70
test/6503.jpg,49
test/6504.jpg,23
test/6505.jpg,60
test/6506.jpg,10
test/6507.jpg,71
test/6508.jpg,36
test/6509.jpg,55
test/6510.jpg,51
test/6511.jpg,64
test/6512.jpg,23
test/6513.jpg,9
test/6514.jpg,76
test/6515.jpg,90
test/6516.jpg,63
test/6517.jpg,46
test/6518.jpg,54
test/6519.jpg,17
test/6520.jpg,54
test/6521.jpg,60
test/6522.jpg,92
test/6523.jpg,9
test/6524.jpg,78
test/6525.jpg,17
test/6526.jpg,16
test/6527.jpg,63
test/6528.jpg,25
test/6529.jpg,2
test/6530.jpg,29
test/6531.jpg,32
test/6532.jpg,84
test/6533.jpg,26
test/6534.jpg,76
test/6535.jpg,46
test/6536.jpg,91
test/6537.jpg,35
test/6538.jpg,84
test/6539.jpg,84
test/6540.jpg,19
test/6541.jpg,15
test/6542.jpg,15
test/6543.jpg,26
test/6544.jpg,7
test/6545.jpg,63
test/6546.jpg,7
test/6547.jpg,26
test/6548.jpg,35
test/6549.jpg,69
test/6550.jpg,53
test/6551.jpg,93
test/6552.jpg,86
test/6553.jpg,35
test/6554.jpg,36
test/6555.jpg,73
test/6556.jpg,91
test/6557.jpg,64
test/6558.jpg,83
test/6559.jpg,26
test/6560.jpg,76
test/6561.jpg,46
test/6562.jpg,75
test/6563.jpg,67
test/6564.jpg,10
test/6565.jpg,96
test/6566.jpg,91
test/6567.jpg,11
test/6568.jpg,38
test/6569.jpg,8
test/6570.jpg,83
test/6571.jpg,70
test/6572.jpg,76
test/6573.jpg,97
test/6574.jpg,36
test/6575.jpg,9
test/6576.jpg,86
test/6577.jpg,5
test/6578.jpg,69
test/6579.jpg,6
test/6580.jpg,76
test/6581.jpg,93
test/6582.jpg,9
test/6583.jpg,47
test/6584.jpg,78
test/6585.jpg,9
test/6586.jpg,76
test/6587.jpg,63
test/6588.jpg,19
test/6589.jpg,61
test/6590.jpg,69
test/6591.jpg,78
test/6592.jpg,47
test/6593.jpg,47
test/6594.jpg,26
test/6595.jpg,81
test/6596.jpg,9
test/6597.jpg,64
test/6598.jpg,11
test/6599.jpg,8
test/6600.jpg,12
test/6601.jpg,78
test/6602.jpg,60
test/6603.jpg,26
test/6604.jpg,71
test/6605.jpg,23
test/6606.jpg,10
test/6607.jpg,36
test/6608.jpg,93
test/6609.jpg,51
test/6610.jpg,12
test/6611.jpg,61
test/6612.jpg,70
test/6613.jpg,76
test/6614.jpg,16
test/6615.jpg,1
test/6616.jpg,54
test/6617.jpg,86
test/6618.jpg,51
test/6619.jpg,68
test/6620.jpg,67
test/6621.jpg,98
test/6622.jpg,91
test/6623.jpg,17
test/6624.jpg,29
test/6625.jpg,51
test/6626.jpg,34
test/6627.jpg,70
test/6628.jpg,16
test/6629.jpg,26
test/6630.jpg,23
test/6631.jpg,16
test/6632.jpg,73
test/6633.jpg,10
test/6634.jpg,76
test/6635.jpg,31
test/6636.jpg,54
test/6637.jpg,32
test/6638.jpg,82
test/6639.jpg,23
test/6640.jpg,15
test/6641.jpg,81
test/6642.jpg,70
test/6643.jpg,26
test/6644.jpg,92
test/6645.jpg,92
test/6646.jpg,68
test/6647.jpg,95
test/6648.jpg,57
test/6649.jpg,91
test/6650.jpg,5
test/6651.jpg,56
test/6652.jpg,26
test/6653.jpg,32
test/6654.jpg,36
test/6655.jpg,63
test/6656.jpg,6
test/6657.jpg,16
test/6658.jpg,55
test/6659.jpg,38
test/6660.jpg,68
test/6661.jpg,78
test/6662.jpg,10
test/6663.jpg,15
test/6664.jpg,96
test/6665.jpg,62
test/6666.jpg,88
test/6667.jpg,51
test/6668.jpg,92
test/6669.jpg,83
test/6670.jpg,98
test/6671.jpg,99
test/6672.jpg,64
test/6673.jpg,9
test/6674.jpg,9
test/6675.jpg,23
test/6676.jpg,73
test/6677.jpg,10
test/6678.jpg,2
test/6679.jpg,17
test/6680.jpg,81
test/6681.jpg,97
test/6682.jpg,0
test/6683.jpg,23
test/6684.jpg,63
test/6685.jpg,78
test/6686.jpg,16
test/6687.jpg,78
test/6688.jpg,90
test/6689.jpg,35
test/6690.jpg,91
test/6691.jpg,62
test/6692.jpg,81
test/6693.jpg,53
test/6694.jpg,78
test/6695.jpg,47
test/6696.jpg,46
test/6697.jpg,0
test/6698.jpg,15
test/6699.jpg,32
test/6700.jpg,64
test/6701.jpg,26
test/6702.jpg,57
test/6703.jpg,1
test/6704.jpg,60
test/6705.jpg,95
test/6706.jpg,38
test/6707.jpg,16
test/6708.jpg,78
test/6709.jpg,64
test/6710.jpg,76
test/6711.jpg,69
test/6712.jpg,64
test/6713.jpg,17
test/6714.jpg,35
test/6715.jpg,22
test/6716.jpg,91
test/6717.jpg,26
test/6718.jpg,92
test/6719.jpg,9
test/6720.jpg,84
test/6721.jpg,26
test/6722.jpg,11
test/6723.jpg,36
test/6724.jpg,91
test/6725.jpg,12
test/6726.jpg,7
test/6727.jpg,66
test/6728.jpg,90
test/6729.jpg,74
test/6730.jpg,63
test/6731.jpg,78
test/6732.jpg,26
test/6733.jpg,70
test/6734.jpg,10
test/6735.jpg,43
test/6736.jpg,89
test/6737.jpg,68
test/6738.jpg,90
test/6739.jpg,8
test/6740.jpg,32
test/6741.jpg,19
test/6742.jpg,96
test/6743.jpg,61
test/6744.jpg,91
test/6745.jpg,0
test/6746.jpg,15
test/6747.jpg,96
test/6748.jpg,23
test/6749.jpg,11
test/6750.jpg,15
test/6751.jpg,21
test/6752.jpg,57
test/6753.jpg,63
test/6754.jpg,92
test/6755.jpg,96
test/6756.jpg,7
test/6757.jpg,36
test/6758.jpg,76
test/6759.jpg,79
test/6760.jpg,76
test/6761.jpg,17
test/6762.jpg,27
test/6763.jpg,10
test/6764.jpg,66
test/6765.jpg,54
test/6766.jpg,79
test/6767.jpg,76
test/6768.jpg,90
test/6769.jpg,76
test/6770.jpg,91
test/6771.jpg,74
test/6772.jpg,91
test/6773.jpg,97
test/6774.jpg,20
test/6775.jpg,17
test/6776.jpg,61
test/6777.jpg,57
test/6778.jpg,74
test/6779.jpg,58
test/6780.jpg,57
test/6781.jpg,47
test/6782.jpg,77
test/6783.jpg,46
test/6784.jpg,92
test/6785.jpg,19
test/6786.jpg,32
test/6787.jpg,4
test/6788.jpg,76
test/6789.jpg,78
test/6790.jpg,70
test/6791.jpg,66
test/6792.jpg,23
test/6793.jpg,56
test/6794.jpg,35
test/6795.jpg,78
test/6796.jpg,66
test/6797.jpg,86
test/6798.jpg,23
test/6799.jpg,19
test/6800.jpg,23
test/6801.jpg,66
test/6802.jpg,23
test/6803.jpg,23
test/6804.jpg,16
test/6805.jpg,48
test/6806.jpg,8
test/6807.jpg,91
test/6808.jpg,19
test/6809.jpg,5
test/6810.jpg,74
test/6811.jpg,10
test/6812.jpg,62
test/6813.jpg,26
test/6814.jpg,63
test/6815.jpg,17
test/6816.jpg,47
test/6817.jpg,15
test/6818.jpg,64
test/6819.jpg,83
test/6820.jpg,16
test/6821.jpg,11
test/6822.jpg,26
test/6823.jpg,95
test/6824.jpg,29
test/6825.jpg,10
test/6826.jpg,11
test/6827.jpg,11
test/6828.jpg,5
test/6829.jpg,17
test/6830.jpg,51
test/6831.jpg,26
test/6832.jpg,51
test/6833.jpg,89
test/6834.jpg,91
test/6835.jpg,78
test/6836.jpg,45
test/6837.jpg,22
test/6838.jpg,0
test/6839.jpg,2
test/6840.jpg,71
test/6841.jpg,17
test/6842.jpg,4
test/6843.jpg,83
test/6844.jpg,71
test/6845.jpg,77
test/6846.jpg,25
test/6847.jpg,53
test/6848.jpg,91
test/6849.jpg,26
test/6850.jpg,51
test/6851.jpg,23
test/6852.jpg,23
test/6853.jpg,15
test/6854.jpg,91
test/6855.jpg,76
test/6856.jpg,56
test/6857.jpg,32
test/6858.jpg,86
test/6859.jpg,17
test/6860.jpg,12
test/6861.jpg,89
test/6862.jpg,67
test/6863.jpg,38
test/6864.jpg,10
test/6865.jpg,51
test/6866.jpg,76
test/6867.jpg,23
test/6868.jpg,67
test/6869.jpg,10
test/6870.jpg,71
test/6871.jpg,35
test/6872.jpg,32
test/6873.jpg,31
test/6874.jpg,83
test/6875.jpg,27
test/6876.jpg,91
test/6877.jpg,59
test/6878.jpg,98
test/6879.jpg,62
test/6880.jpg,89
test/6881.jpg,15
test/6882.jpg,74
test/6883.jpg,34
test/6884.jpg,35
test/6885.jpg,23
test/6886.jpg,55
test/6887.jpg,49
test/6888.jpg,71
test/6889.jpg,86
test/6890.jpg,91
test/6891.jpg,58
test/6892.jpg,70
test/6893.jpg,69
test/6894.jpg,3
test/6895.jpg,10
test/6896.jpg,16
test/6897.jpg,84
test/6898.jpg,26
test/6899.jpg,93
test/6900.jpg,91
test/6901.jpg,49
test/6902.jpg,15
test/6903.jpg,23
test/6904.jpg,78
test/6905.jpg,71
test/6906.jpg,68
test/6907.jpg,51
test/6908.jpg,0
test/6909.jpg,71
test/6910.jpg,27
test/6911.jpg,78
test/6912.jpg,7
test/6913.jpg,61
test/6914.jpg,59
test/6915.jpg,35
test/6916.jpg,2
test/6917.jpg,16
test/6918.jpg,62
test/6919.jpg,62
test/6920.jpg,84
test/6921.jpg,91
test/6922.jpg,23
test/6923.jpg,12
test/6924.jpg,86
test/6925.jpg,26
test/6926.jpg,91
test/6927.jpg,8
test/6928.jpg,78
test/6929.jpg,82
test/6930.jpg,68
test/6931.jpg,4
test/6932.jpg,21
test/6933.jpg,10
test/6934.jpg,13
test/6935.jpg,36
test/6936.jpg,53
test/6937.jpg,63
test/6938.jpg,23
test/6939.jpg,16
test/6940.jpg,68
test/6941.jpg,68
test/6942.jpg,84
test/6943.jpg,16
test/6944.jpg,23
test/6945.jpg,51
test/6946.jpg,67
test/6947.jpg,70
test/6948.jpg,67
test/6949.jpg,23
test/6950.jpg,43
test/6951.jpg,62
test/6952.jpg,79
test/6953.jpg,19
test/6954.jpg,97
test/6955.jpg,77
test/6956.jpg,29
test/6957.jpg,9
test/6958.jpg,70
test/6959.jpg,62
test/6960.jpg,32
test/6961.jpg,60
test/6962.jpg,10
test/6963.jpg,66
test/6964.jpg,76
test/6965.jpg,16
test/6966.jpg,7
test/6967.jpg,10
test/6968.jpg,63
test/6969.jpg,26
test/6970.jpg,10
test/6971.jpg,17
test/6972.jpg,19
test/6973.jpg,86
test/6974.jpg,11
test/6975.jpg,67
test/6976.jpg,23
test/6977.jpg,69
test/6978.jpg,74
test/6979.jpg,74
test/6980.jpg,83
test/6981.jpg,83
test/6982.jpg,79
test/6983.jpg,4
test/6984.jpg,26
test/6985.jpg,17
test/6986.jpg,95
test/6987.jpg,36
test/6988.jpg,76
test/6989.jpg,38
test/6990.jpg,76
test/6991.jpg,68
test/6992.jpg,27
test/6993.jpg,76
test/6994.jpg,82
test/6995.jpg,73
test/6996.jpg,44
test/6997.jpg,47
test/6998.jpg,15
test/6999.jpg,7
test/7000.jpg,36
test/7001.jpg,80
test/7002.jpg,68
test/7003.jpg,40
test/7004.jpg,84
test/7005.jpg,5
test/7006.jpg,78
test/7007.jpg,47
test/7008.jpg,64
test/7009.jpg,76
test/7010.jpg,10
test/7011.jpg,61
test/7012.jpg,54
test/7013.jpg,7
test/7014.jpg,59
test/7015.jpg,1
test/7016.jpg,95
test/7017.jpg,60
test/7018.jpg,63
test/7019.jpg,81
test/7020.jpg,74
test/7021.jpg,84
test/7022.jpg,71
test/7023.jpg,78
test/7024.jpg,12
test/7025.jpg,26
test/7026.jpg,27
test/7027.jpg,51
test/7028.jpg,46
test/7029.jpg,23
test/7030.jpg,89
test/7031.jpg,81
test/7032.jpg,10
test/7033.jpg,84
test/7034.jpg,70
test/7035.jpg,32
test/7036.jpg,2
test/7037.jpg,85
test/7038.jpg,91
test/7039.jpg,57
test/7040.jpg,0
test/7041.jpg,39
test/7042.jpg,91
test/7043.jpg,51
test/7044.jpg,70
test/7045.jpg,51
test/7046.jpg,26
test/7047.jpg,16
test/7048.jpg,51
test/7049.jpg,15
test/7050.jpg,13
test/7051.jpg,23
test/7052.jpg,23
test/7053.jpg,84
test/7054.jpg,10
test/7055.jpg,47
test/7056.jpg,10
test/7057.jpg,64
test/7058.jpg,38
test/7059.jpg,4
test/7060.jpg,51
test/7061.jpg,15
test/7062.jpg,15
test/7063.jpg,15
test/7064.jpg,35
test/7065.jpg,10
test/7066.jpg,73
test/7067.jpg,79
test/7068.jpg,23
test/7069.jpg,68
test/7070.jpg,15
test/7071.jpg,69
test/7072.jpg,83
test/7073.jpg,81
test/7074.jpg,8
test/7075.jpg,23
test/7076.jpg,51
test/7077.jpg,10
test/7078.jpg,23
test/7079.jpg,54
test/7080.jpg,64
test/7081.jpg,92
test/7082.jpg,57
test/7083.jpg,67
test/7084.jpg,61
test/7085.jpg,9
test/7086.jpg,51
test/7087.jpg,9
test/7088.jpg,63
test/7089.jpg,10
test/7090.jpg,44
test/7091.jpg,26
test/7092.jpg,58
test/7093.jpg,68
test/7094.jpg,64
test/7095.jpg,74
test/7096.jpg,91
test/7097.jpg,98
test/7098.jpg,70
test/7099.jpg,78
test/7100.jpg,76
test/7101.jpg,90
test/7102.jpg,4
test/7103.jpg,1
test/7104.jpg,27
test/7105.jpg,36
test/7106.jpg,16
test/7107.jpg,76
test/7108.jpg,61
test/7109.jpg,10
test/7110.jpg,15
test/7111.jpg,47
test/7112.jpg,13
test/7113.jpg,63
test/7114.jpg,79
test/7115.jpg,35
test/7116.jpg,10
test/7117.jpg,26
test/7118.jpg,79
test/7119.jpg,29
test/7120.jpg,23
test/7121.jpg,23
test/7122.jpg,26
test/7123.jpg,15
test/7124.jpg,66
test/7125.jpg,36
test/7126.jpg,13
test/7127.jpg,90
test/7128.jpg,10
test/7129.jpg,9
test/7130.jpg,92
test/7131.jpg,53
test/7132.jpg,83
test/7133.jpg,31
test/7134.jpg,26
test/7135.jpg,2
test/7136.jpg,7
test/7137.jpg,4
test/7138.jpg,62
test/7139.jpg,7
test/7140.jpg,88
test/7141.jpg,23
test/7142.jpg,46
test/7143.jpg,5
test/7144.jpg,88
test/7145.jpg,61
test/7146.jpg,62
test/7147.jpg,0
test/7148.jpg,91
test/7149.jpg,90
test/7150.jpg,10
test/7151.jpg,74
test/7152.jpg,82
test/7153.jpg,63
test/7154.jpg,89
test/7155.jpg,87
test/7156.jpg,98
test/7157.jpg,97
test/7158.jpg,78
test/7159.jpg,12
test/7160.jpg,53
test/7161.jpg,10
test/7162.jpg,7
test/7163.jpg,8
test/7164.jpg,27
test/7165.jpg,34
test/7166.jpg,38
test/7167.jpg,54
test/7168.jpg,39
test/7169.jpg,21
test/7170.jpg,91
test/7171.jpg,54
test/7172.jpg,16
test/7173.jpg,63
test/7174.jpg,10
test/7175.jpg,79
test/7176.jpg,35
test/7177.jpg,71
test/7178.jpg,5
test/7179.jpg,9
test/7180.jpg,26
test/7181.jpg,81
test/7182.jpg,78
test/7183.jpg,40
test/7184.jpg,78
test/7185.jpg,76
test/7186.jpg,17
test/7187.jpg,15
test/7188.jpg,36
test/7189.jpg,83
test/7190.jpg,36
test/7191.jpg,61
test/7192.jpg,23
test/7193.jpg,29
test/7194.jpg,86
test/7195.jpg,38
test/7196.jpg,83
test/7197.jpg,56
test/7198.jpg,70
test/7199.jpg,98
test/7200.jpg,17
test/7201.jpg,83
test/7202.jpg,98
test/7203.jpg,10
test/7204.jpg,74
test/7205.jpg,62
test/7206.jpg,39
test/7207.jpg,75
test/7208.jpg,81
test/7209.jpg,19
test/7210.jpg,91
test/7211.jpg,40
test/7212.jpg,97
test/7213.jpg,95
test/7214.jpg,64
test/7215.jpg,93
test/7216.jpg,44
test/7217.jpg,23
test/7218.jpg,49
test/7219.jpg,32
test/7220.jpg,84
test/7221.jpg,54
test/7222.jpg,9
test/7223.jpg,51
test/7224.jpg,98
test/7225.jpg,56
test/7226.jpg,63
test/7227.jpg,26
test/7228.jpg,73
test/7229.jpg,8
test/7230.jpg,51
test/7231.jpg,10
test/7232.jpg,79
test/7233.jpg,10
test/7234.jpg,10
test/7235.jpg,88
test/7236.jpg,78
test/7237.jpg,5
test/7238.jpg,21
test/7239.jpg,7
test/7240.jpg,54
test/7241.jpg,15
test/7242.jpg,84
test/7243.jpg,69
test/7244.jpg,91
test/7245.jpg,26
test/7246.jpg,98
test/7247.jpg,89
test/7248.jpg,23
test/7249.jpg,76
test/7250.jpg,49
test/7251.jpg,10
test/7252.jpg,64
test/7253.jpg,10
test/7254.jpg,10
test/7255.jpg,68
test/7256.jpg,78
test/7257.jpg,10
test/7258.jpg,57
test/7259.jpg,29
test/7260.jpg,15
test/7261.jpg,0
test/7262.jpg,91
test/7263.jpg,36
test/7264.jpg,4
test/7265.jpg,12
test/7266.jpg,10
test/7267.jpg,5
test/7268.jpg,39
test/7269.jpg,73
test/7270.jpg,67
test/7271.jpg,93
test/7272.jpg,51
test/7273.jpg,51
test/7274.jpg,79
test/7275.jpg,62
test/7276.jpg,90
test/7277.jpg,77
test/7278.jpg,38
test/7279.jpg,51
test/7280.jpg,79
test/7281.jpg,0
test/7282.jpg,53
test/7283.jpg,58
test/7284.jpg,76
test/7285.jpg,91
test/7286.jpg,25
test/7287.jpg,17
test/7288.jpg,16
test/7289.jpg,91
test/7290.jpg,81
test/7291.jpg,69
test/7292.jpg,90
test/7293.jpg,74
test/7294.jpg,68
test/7295.jpg,95
test/7296.jpg,88
test/7297.jpg,8
test/7298.jpg,23
test/7299.jpg,63
test/7300.jpg,53
test/7301.jpg,91
test/7302.jpg,9
test/7303.jpg,60
test/7304.jpg,89
test/7305.jpg,78
test/7306.jpg,6
test/7307.jpg,15
test/7308.jpg,5
test/7309.jpg,10
test/7310.jpg,14
test/7311.jpg,78
test/7312.jpg,23
test/7313.jpg,1
test/7314.jpg,82
test/7315.jpg,89
test/7316.jpg,10
test/7317.jpg,78
test/7318.jpg,91
test/7319.jpg,66
test/7320.jpg,95
test/7321.jpg,83
test/7322.jpg,70
test/7323.jpg,81
test/7324.jpg,69
test/7325.jpg,23
test/7326.jpg,81
test/7327.jpg,61
test/7328.jpg,43
test/7329.jpg,15
test/7330.jpg,23
test/7331.jpg,95
test/7332.jpg,23
test/7333.jpg,5
test/7334.jpg,62
test/7335.jpg,74
test/7336.jpg,83
test/7337.jpg,15
test/7338.jpg,23
test/7339.jpg,64
test/7340.jpg,10
test/7341.jpg,76
test/7342.jpg,74
test/7343.jpg,74
test/7344.jpg,4
test/7345.jpg,29
test/7346.jpg,91
test/7347.jpg,15
test/7348.jpg,8
test/7349.jpg,26
test/7350.jpg,82
test/7351.jpg,76
test/7352.jpg,86
test/7353.jpg,60
test/7354.jpg,8
test/7355.jpg,29
test/7356.jpg,32
test/7357.jpg,60
test/7358.jpg,0
test/7359.jpg,17
test/7360.jpg,54
test/7361.jpg,64
test/7362.jpg,26
test/7363.jpg,19
test/7364.jpg,91
test/7365.jpg,15
test/7366.jpg,7
test/7367.jpg,76
test/7368.jpg,23
test/7369.jpg,69
test/7370.jpg,54
test/7371.jpg,17
test/7372.jpg,83
test/7373.jpg,38
test/7374.jpg,32
test/7375.jpg,21
test/7376.jpg,77
test/7377.jpg,36
test/7378.jpg,62
test/7379.jpg,82
test/7380.jpg,66
test/7381.jpg,73
test/7382.jpg,26
test/7383.jpg,64
test/7384.jpg,78
test/7385.jpg,2
test/7386.jpg,63
test/7387.jpg,63
test/7388.jpg,76
test/7389.jpg,96
test/7390.jpg,90
test/7391.jpg,82
test/7392.jpg,35
test/7393.jpg,23
test/7394.jpg,53
test/7395.jpg,78
test/7396.jpg,23
test/7397.jpg,62
test/7398.jpg,35
test/7399.jpg,61
test/7400.jpg,38
test/7401.jpg,63
test/7402.jpg,32
test/7403.jpg,76
test/7404.jpg,64
test/7405.jpg,13
test/7406.jpg,73
test/7407.jpg,10
test/7408.jpg,81
test/7409.jpg,2
test/7410.jpg,35
test/7411.jpg,26
test/7412.jpg,16
test/7413.jpg,61
test/7414.jpg,82
test/7415.jpg,70
test/7416.jpg,52
test/7417.jpg,27
test/7418.jpg,0
test/7419.jpg,92
test/7420.jpg,74
test/7421.jpg,26
test/7422.jpg,68
test/7423.jpg,26
test/7424.jpg,88
test/7425.jpg,34
test/7426.jpg,9
test/7427.jpg,38
test/7428.jpg,79
test/7429.jpg,59
test/7430.jpg,95
test/7431.jpg,11
test/7432.jpg,2
test/7433.jpg,83
test/7434.jpg,17
test/7435.jpg,5
test/7436.jpg,70
test/7437.jpg,39
test/7438.jpg,23
test/7439.jpg,74
test/7440.jpg,81
test/7441.jpg,23
test/7442.jpg,10
test/7443.jpg,23
test/7444.jpg,76
test/7445.jpg,2
test/7446.jpg,4
test/7447.jpg,70
test/7448.jpg,34
test/7449.jpg,10
test/7450.jpg,63
test/7451.jpg,76
test/7452.jpg,7
test/7453.jpg,21
test/7454.jpg,4
test/7455.jpg,10
test/7456.jpg,68
test/7457.jpg,23
test/7458.jpg,60
test/7459.jpg,73
test/7460.jpg,76
test/7461.jpg,10
test/7462.jpg,10
test/7463.jpg,53
test/7464.jpg,57
test/7465.jpg,15
test/7466.jpg,23
test/7467.jpg,76
test/7468.jpg,83
test/7469.jpg,77
test/7470.jpg,36
test/7471.jpg,29
test/7472.jpg,23
test/7473.jpg,53
test/7474.jpg,78
test/7475.jpg,23
test/7476.jpg,29
test/7477.jpg,10
test/7478.jpg,89
test/7479.jpg,78
test/7480.jpg,23
test/7481.jpg,35
test/7482.jpg,21
test/7483.jpg,29
test/7484.jpg,13
test/7485.jpg,83
test/7486.jpg,71
test/7487.jpg,1
test/7488.jpg,78
test/7489.jpg,71
test/7490.jpg,22
test/7491.jpg,23
test/7492.jpg,83
test/7493.jpg,76
test/7494.jpg,10
test/7495.jpg,76
test/7496.jpg,17
test/7497.jpg,13
test/7498.jpg,36
test/7499.jpg,55
test/7500.jpg,64
test/7501.jpg,46
test/7502.jpg,15
test/7503.jpg,23
test/7504.jpg,23
test/7505.jpg,10
test/7506.jpg,58
test/7507.jpg,83
test/7508.jpg,23
test/7509.jpg,46
test/7510.jpg,8
test/7511.jpg,81
test/7512.jpg,23
test/7513.jpg,70
test/7514.jpg,29
test/7515.jpg,62
test/7516.jpg,2
test/7517.jpg,91
test/7518.jpg,54
test/7519.jpg,75
test/7520.jpg,26
test/7521.jpg,77
test/7522.jpg,7
test/7523.jpg,26
test/7524.jpg,62
test/7525.jpg,19
test/7526.jpg,76
test/7527.jpg,1
test/7528.jpg,63
test/7529.jpg,61
test/7530.jpg,43
test/7531.jpg,71
test/7532.jpg,70
test/7533.jpg,26
test/7534.jpg,31
test/7535.jpg,98
test/7536.jpg,12
test/7537.jpg,83
test/7538.jpg,26
test/7539.jpg,68
test/7540.jpg,74
test/7541.jpg,63
test/7542.jpg,58
test/7543.jpg,10
test/7544.jpg,36
test/7545.jpg,39
test/7546.jpg,78
test/7547.jpg,78
test/7548.jpg,36
test/7549.jpg,74
test/7550.jpg,10
test/7551.jpg,10
test/7552.jpg,32
test/7553.jpg,67
test/7554.jpg,59
test/7555.jpg,70
test/7556.jpg,74
test/7557.jpg,17
test/7558.jpg,69
test/7559.jpg,31
test/7560.jpg,91
test/7561.jpg,76
test/7562.jpg,83
test/7563.jpg,26
test/7564.jpg,26
test/7565.jpg,10
test/7566.jpg,78
test/7567.jpg,84
test/7568.jpg,73
test/7569.jpg,34
test/7570.jpg,53
test/7571.jpg,51
test/7572.jpg,43
test/7573.jpg,5
test/7574.jpg,76
test/7575.jpg,9
test/7576.jpg,13
test/7577.jpg,68
test/7578.jpg,55
test/7579.jpg,89
test/7580.jpg,55
test/7581.jpg,23
test/7582.jpg,51
test/7583.jpg,10
test/7584.jpg,89
test/7585.jpg,10
test/7586.jpg,95
test/7587.jpg,32
test/7588.jpg,5
test/7589.jpg,15
test/7590.jpg,86
test/7591.jpg,67
test/7592.jpg,68
test/7593.jpg,89
test/7594.jpg,69
test/7595.jpg,70
test/7596.jpg,77
test/7597.jpg,96
test/7598.jpg,32
test/7599.jpg,99
test/7600.jpg,2
test/7601.jpg,90
test/7602.jpg,19
test/7603.jpg,78
test/7604.jpg,62
test/7605.jpg,15
test/7606.jpg,9
test/7607.jpg,51
test/7608.jpg,22
test/7609.jpg,29
test/7610.jpg,47
test/7611.jpg,7
test/7612.jpg,16
test/7613.jpg,75
test/7614.jpg,15
test/7615.jpg,86
test/7616.jpg,76
test/7617.jpg,10
test/7618.jpg,7
test/7619.jpg,36
test/7620.jpg,66
test/7621.jpg,16
test/7622.jpg,46
test/7623.jpg,54
test/7624.jpg,62
test/7625.jpg,91
test/7626.jpg,64
test/7627.jpg,10
test/7628.jpg,17
test/7629.jpg,70
test/7630.jpg,79
test/7631.jpg,15
test/7632.jpg,7
test/7633.jpg,17
test/7634.jpg,79
test/7635.jpg,66
test/7636.jpg,5
test/7637.jpg,66
test/7638.jpg,88
test/7639.jpg,70
test/7640.jpg,22
test/7641.jpg,90
test/7642.jpg,78
test/7643.jpg,32
test/7644.jpg,78
test/7645.jpg,77
test/7646.jpg,95
test/7647.jpg,98
test/7648.jpg,8
test/7649.jpg,78
test/7650.jpg,86
test/7651.jpg,61
test/7652.jpg,55
test/7653.jpg,68
test/7654.jpg,63
test/7655.jpg,26
test/7656.jpg,21
test/7657.jpg,91
test/7658.jpg,9
test/7659.jpg,46
test/7660.jpg,23
test/7661.jpg,5
test/7662.jpg,9
test/7663.jpg,76
test/7664.jpg,32
test/7665.jpg,55
test/7666.jpg,17
test/7667.jpg,4
test/7668.jpg,95
test/7669.jpg,17
test/7670.jpg,66
test/7671.jpg,78
test/7672.jpg,64
test/7673.jpg,71
test/7674.jpg,63
test/7675.jpg,84
test/7676.jpg,29
test/7677.jpg,15
test/7678.jpg,78
test/7679.jpg,10
test/7680.jpg,47
test/7681.jpg,60
test/7682.jpg,23
test/7683.jpg,76
test/7684.jpg,68
test/7685.jpg,64
test/7686.jpg,76
test/7687.jpg,51
test/7688.jpg,10
test/7689.jpg,74
test/7690.jpg,83
test/7691.jpg,83
test/7692.jpg,29
test/7693.jpg,91
test/7694.jpg,62
test/7695.jpg,22
test/7696.jpg,91
test/7697.jpg,76
test/7698.jpg,9
test/7699.jpg,76
test/7700.jpg,36
test/7701.jpg,84
test/7702.jpg,2
test/7703.jpg,16
test/7704.jpg,10
test/7705.jpg,29
test/7706.jpg,43
test/7707.jpg,10
test/7708.jpg,91
test/7709.jpg,10
test/7710.jpg,63
test/7711.jpg,81
test/7712.jpg,46
test/7713.jpg,21
test/7714.jpg,16
test/7715.jpg,15
test/7716.jpg,8
test/7717.jpg,34
test/7718.jpg,3
test/7719.jpg,26
test/7720.jpg,78
test/7721.jpg,47
test/7722.jpg,82
test/7723.jpg,68
test/7724.jpg,64
test/7725.jpg,54
test/7726.jpg,91
test/7727.jpg,83
test/7728.jpg,10
test/7729.jpg,75
test/7730.jpg,4
test/7731.jpg,25
test/7732.jpg,10
test/7733.jpg,51
test/7734.jpg,89
test/7735.jpg,44
test/7736.jpg,35
test/7737.jpg,78
test/7738.jpg,35
test/7739.jpg,92
test/7740.jpg,46
test/7741.jpg,0
test/7742.jpg,36
test/7743.jpg,79
test/7744.jpg,10
test/7745.jpg,10
test/7746.jpg,36
test/7747.jpg,90
test/7748.jpg,84
test/7749.jpg,47
test/7750.jpg,88
test/7751.jpg,95
test/7752.jpg,68
test/7753.jpg,26
test/7754.jpg,26
test/7755.jpg,90
test/7756.jpg,95
test/7757.jpg,9
test/7758.jpg,3
test/7759.jpg,68
test/7760.jpg,91
test/7761.jpg,0
test/7762.jpg,64
test/7763.jpg,26
test/7764.jpg,79
test/7765.jpg,76
test/7766.jpg,10
test/7767.jpg,91
test/7768.jpg,35
test/7769.jpg,49
test/7770.jpg,64
test/7771.jpg,89
test/7772.jpg,9
test/7773.jpg,78
test/7774.jpg,9
test/7775.jpg,83
test/7776.jpg,10
test/7777.jpg,64
test/7778.jpg,47
test/7779.jpg,9
test/7780.jpg,64
test/7781.jpg,76
test/7782.jpg,76
test/7783.jpg,73
test/7784.jpg,78
test/7785.jpg,84
test/7786.jpg,0
test/7787.jpg,2
test/7788.jpg,84
test/7789.jpg,1
test/7790.jpg,29
test/7791.jpg,76
test/7792.jpg,29
test/7793.jpg,26
test/7794.jpg,65
test/7795.jpg,23
test/7796.jpg,70
test/7797.jpg,84
test/7798.jpg,68
test/7799.jpg,5
test/7800.jpg,17
test/7801.jpg,62
test/7802.jpg,27
test/7803.jpg,63
test/7804.jpg,69
test/7805.jpg,86
test/7806.jpg,13
test/7807.jpg,26
test/7808.jpg,26
test/7809.jpg,51
test/7810.jpg,78
test/7811.jpg,70
test/7812.jpg,63
test/7813.jpg,75
test/7814.jpg,10
test/7815.jpg,78
test/7816.jpg,26
test/7817.jpg,31
test/7818.jpg,23
test/7819.jpg,27
test/7820.jpg,70
test/7821.jpg,10
test/7822.jpg,29
test/7823.jpg,91
test/7824.jpg,16
test/7825.jpg,11
test/7826.jpg,95
test/7827.jpg,67
test/7828.jpg,78
test/7829.jpg,67
test/7830.jpg,10
test/7831.jpg,61
test/7832.jpg,51
test/7833.jpg,27
test/7834.jpg,47
test/7835.jpg,68
test/7836.jpg,64
test/7837.jpg,79
test/7838.jpg,68
test/7839.jpg,71
test/7840.jpg,10
test/7841.jpg,81
test/7842.jpg,63
test/7843.jpg,90
test/7844.jpg,91
test/7845.jpg,76
test/7846.jpg,38
test/7847.jpg,49
test/7848.jpg,60
test/7849.jpg,98
test/7850.jpg,36
test/7851.jpg,32
test/7852.jpg,16
test/7853.jpg,74
test/7854.jpg,4
test/7855.jpg,82
test/7856.jpg,53
test/7857.jpg,60
test/7858.jpg,70
test/7859.jpg,64
test/7860.jpg,79
test/7861.jpg,16
test/7862.jpg,26
test/7863.jpg,23
test/7864.jpg,10
test/7865.jpg,15
test/7866.jpg,7
test/7867.jpg,38
test/7868.jpg,86
test/7869.jpg,70
test/7870.jpg,64
test/7871.jpg,92
test/7872.jpg,68
test/7873.jpg,16
test/7874.jpg,26
test/7875.jpg,63
test/7876.jpg,96
test/7877.jpg,10
test/7878.jpg,95
test/7879.jpg,53
test/7880.jpg,62
test/7881.jpg,5
test/7882.jpg,74
test/7883.jpg,67
test/7884.jpg,5
test/7885.jpg,4
test/7886.jpg,7
test/7887.jpg,38
test/7888.jpg,74
test/7889.jpg,91
test/7890.jpg,76
test/7891.jpg,10
test/7892.jpg,91
test/7893.jpg,91
test/7894.jpg,1
test/7895.jpg,23
test/7896.jpg,64
test/7897.jpg,34
test/7898.jpg,32
test/7899.jpg,17
test/7900.jpg,51
test/7901.jpg,61
test/7902.jpg,17
test/7903.jpg,96
test/7904.jpg,78
test/7905.jpg,22
test/7906.jpg,69
test/7907.jpg,76
test/7908.jpg,10
test/7909.jpg,59
test/7910.jpg,0
test/7911.jpg,61
test/7912.jpg,11
test/7913.jpg,57
test/7914.jpg,9
test/7915.jpg,68
test/7916.jpg,34
test/7917.jpg,10
test/7918.jpg,47
test/7919.jpg,51
test/7920.jpg,92
test/7921.jpg,47
test/7922.jpg,91
test/7923.jpg,81
test/7924.jpg,64
test/7925.jpg,65
test/7926.jpg,70
test/7927.jpg,36
test/7928.jpg,89
test/7929.jpg,96
test/7930.jpg,78
test/7931.jpg,55
test/7932.jpg,26
test/7933.jpg,21
test/7934.jpg,26
test/7935.jpg,78
test/7936.jpg,5
test/7937.jpg,10
test/7938.jpg,15
test/7939.jpg,68
test/7940.jpg,36
test/7941.jpg,73
test/7942.jpg,70
test/7943.jpg,46
test/7944.jpg,23
test/7945.jpg,15
test/7946.jpg,66
test/7947.jpg,26
test/7948.jpg,49
test/7949.jpg,9
test/7950.jpg,32
test/7951.jpg,34
test/7952.jpg,57
test/7953.jpg,82
test/7954.jpg,89
test/7955.jpg,70
test/7956.jpg,62
test/7957.jpg,70
test/7958.jpg,54
test/7959.jpg,79
test/7960.jpg,68
test/7961.jpg,74
test/7962.jpg,47
test/7963.jpg,46
test/7964.jpg,23
test/7965.jpg,58
test/7966.jpg,89
test/7967.jpg,78
test/7968.jpg,93
test/7969.jpg,36
test/7970.jpg,34
test/7971.jpg,10
test/7972.jpg,63
test/7973.jpg,68
test/7974.jpg,78
test/7975.jpg,91
test/7976.jpg,79
test/7977.jpg,90
test/7978.jpg,91
test/7979.jpg,15
test/7980.jpg,39
test/7981.jpg,62
test/7982.jpg,91
test/7983.jpg,55
test/7984.jpg,62
test/7985.jpg,26
test/7986.jpg,78
test/7987.jpg,23
test/7988.jpg,57
test/7989.jpg,68
test/7990.jpg,64
test/7991.jpg,95
test/7992.jpg,61
test/7993.jpg,61
test/7994.jpg,83
test/7995.jpg,31
test/7996.jpg,57
test/7997.jpg,68
test/7998.jpg,84
test/7999.jpg,32
test/8000.jpg,75
test/8001.jpg,81
test/8002.jpg,84
test/8003.jpg,62
test/8004.jpg,47
test/8005.jpg,63
test/8006.jpg,85
test/8007.jpg,74
test/8008.jpg,90
test/8009.jpg,79
test/8010.jpg,36
test/8011.jpg,76
test/8012.jpg,69
test/8013.jpg,64
test/8014.jpg,29
test/8015.jpg,81
test/8016.jpg,70
test/8017.jpg,61
test/8018.jpg,77
test/8019.jpg,76
test/8020.jpg,39
test/8021.jpg,10
test/8022.jpg,31
test/8023.jpg,26
test/8024.jpg,89
test/8025.jpg,5
test/8026.jpg,32
test/8027.jpg,7
test/8028.jpg,69
test/8029.jpg,72
test/8030.jpg,69
test/8031.jpg,43
test/8032.jpg,64
test/8033.jpg,25
test/8034.jpg,91
test/8035.jpg,8
test/8036.jpg,76
test/8037.jpg,74
test/8038.jpg,69
test/8039.jpg,74
test/8040.jpg,25
test/8041.jpg,66
test/8042.jpg,81
test/8043.jpg,21
test/8044.jpg,13
test/8045.jpg,46
test/8046.jpg,99
test/8047.jpg,76
test/8048.jpg,26
test/8049.jpg,15
test/8050.jpg,7
test/8051.jpg,60
test/8052.jpg,5
test/8053.jpg,75
test/8054.jpg,74
test/8055.jpg,64
test/8056.jpg,36
test/8057.jpg,79
test/8058.jpg,70
test/8059.jpg,23
test/8060.jpg,26
test/8061.jpg,17
test/8062.jpg,26
test/8063.jpg,34
test/8064.jpg,62
test/8065.jpg,97
test/8066.jpg,36
test/8067.jpg,71
test/8068.jpg,1
test/8069.jpg,79
test/8070.jpg,53
test/8071.jpg,35
test/8072.jpg,29
test/8073.jpg,92
test/8074.jpg,98
test/8075.jpg,15
test/8076.jpg,43
test/8077.jpg,51
test/8078.jpg,89
test/8079.jpg,61
test/8080.jpg,88
test/8081.jpg,32
test/8082.jpg,55
test/8083.jpg,57
test/8084.jpg,10
test/8085.jpg,16
test/8086.jpg,29
test/8087.jpg,76
test/8088.jpg,64
test/8089.jpg,5
test/8090.jpg,64
test/8091.jpg,26
test/8092.jpg,7
test/8093.jpg,54
test/8094.jpg,51
test/8095.jpg,78
test/8096.jpg,1
test/8097.jpg,77
test/8098.jpg,51
test/8099.jpg,78
test/8100.jpg,63
test/8101.jpg,78
test/8102.jpg,23
test/8103.jpg,36
test/8104.jpg,26
test/8105.jpg,97
test/8106.jpg,86
test/8107.jpg,71
test/8108.jpg,91
test/8109.jpg,25
test/8110.jpg,15
test/8111.jpg,81
test/8112.jpg,26
test/8113.jpg,16
test/8114.jpg,68
test/8115.jpg,73
test/8116.jpg,23
test/8117.jpg,36
test/8118.jpg,71
test/8119.jpg,91
test/8120.jpg,79
test/8121.jpg,70
test/8122.jpg,48
test/8123.jpg,76
test/8124.jpg,35
test/8125.jpg,88
test/8126.jpg,4
test/8127.jpg,63
test/8128.jpg,88
test/8129.jpg,15
test/8130.jpg,26
test/8131.jpg,86
test/8132.jpg,22
test/8133.jpg,12
test/8134.jpg,9
test/8135.jpg,35
test/8136.jpg,47
test/8137.jpg,38
test/8138.jpg,60
test/8139.jpg,91
test/8140.jpg,79
test/8141.jpg,23
test/8142.jpg,49
test/8143.jpg,23
test/8144.jpg,55
test/8145.jpg,8
test/8146.jpg,4
test/8147.jpg,9
test/8148.jpg,78
test/8149.jpg,29
test/8150.jpg,83
test/8151.jpg,47
test/8152.jpg,54
test/8153.jpg,23
test/8154.jpg,78
test/8155.jpg,51
test/8156.jpg,23
test/8157.jpg,10
test/8158.jpg,27
test/8159.jpg,84
test/8160.jpg,4
test/8161.jpg,78
test/8162.jpg,86
test/8163.jpg,78
test/8164.jpg,29
test/8165.jpg,4
test/8166.jpg,70
test/8167.jpg,74
test/8168.jpg,98
test/8169.jpg,62
test/8170.jpg,69
test/8171.jpg,73
test/8172.jpg,12
test/8173.jpg,88
test/8174.jpg,23
test/8175.jpg,26
test/8176.jpg,81
test/8177.jpg,10
test/8178.jpg,70
test/8179.jpg,61
test/8180.jpg,81
test/8181.jpg,74
test/8182.jpg,15
test/8183.jpg,68
test/8184.jpg,10
test/8185.jpg,76
test/8186.jpg,1
test/8187.jpg,38
test/8188.jpg,79
test/8189.jpg,68
test/8190.jpg,77
test/8191.jpg,95
test/8192.jpg,2
test/8193.jpg,76
test/8194.jpg,19
test/8195.jpg,10
test/8196.jpg,56
test/8197.jpg,71
test/8198.jpg,36
test/8199.jpg,76
test/8200.jpg,15
test/8201.jpg,90
test/8202.jpg,63
test/8203.jpg,97
test/8204.jpg,76
test/8205.jpg,29
test/8206.jpg,23
test/8207.jpg,61
test/8208.jpg,75
test/8209.jpg,64
test/8210.jpg,32
test/8211.jpg,36
test/8212.jpg,26
test/8213.jpg,83
test/8214.jpg,11
test/8215.jpg,78
